Interval Beginning (EST),kWh
5/8/2022 0:00,117.36
5/8/2022 0:15,118.08
5/8/2022 0:30,117.72
5/8/2022 0:45,118.08
5/8/2022 1:00,118.08
5/8/2022 1:15,117.72
5/8/2022 1:30,117.36
5/8/2022 1:45,117.72
5/8/2022 2:00,117
5/8/2022 2:15,118.08
5/8/2022 2:30,117
5/8/2022 2:45,117.36
5/8/2022 3:00,117.36
5/8/2022 3:15,121.68
5/8/2022 3:30,122.4
5/8/2022 3:45,126.72
5/8/2022 4:00,124.56
5/8/2022 4:15,123.48
5/8/2022 4:30,124.2
5/8/2022 4:45,124.92
5/8/2022 5:00,126.72
5/8/2022 5:15,126.72
5/8/2022 5:30,128.16
5/8/2022 5:45,131.04
5/8/2022 6:00,128.88
5/8/2022 6:15,128.88
5/8/2022 6:30,127.44
5/8/2022 6:45,128.16
5/8/2022 7:00,126.36
5/8/2022 7:15,127.44
5/8/2022 7:30,127.08
5/8/2022 7:45,127.08
5/8/2022 8:00,127.44
5/8/2022 8:15,128.52
5/8/2022 8:30,130.32
5/8/2022 8:45,129.96
5/8/2022 9:00,129.24
5/8/2022 9:15,129.6
5/8/2022 9:30,129.96
5/8/2022 9:45,128.52
5/8/2022 10:00,128.16
5/8/2022 10:15,128.16
5/8/2022 10:30,128.88
5/8/2022 10:45,127.44
5/8/2022 11:00,126
5/8/2022 11:15,126
5/8/2022 11:30,126.36
5/8/2022 11:45,123.48
5/8/2022 12:00,124.2
5/8/2022 12:15,125.64
5/8/2022 12:30,126
5/8/2022 12:45,126.36
5/8/2022 13:00,124.92
5/8/2022 13:15,125.28
5/8/2022 13:30,124.92
5/8/2022 13:45,124.2
5/8/2022 14:00,124.92
5/8/2022 14:15,126
5/8/2022 14:30,124.2
5/8/2022 14:45,125.64
5/8/2022 15:00,125.28
5/8/2022 15:15,125.64
5/8/2022 15:30,124.56
5/8/2022 15:45,122.4
5/8/2022 16:00,122.76
5/8/2022 16:15,123.12
5/8/2022 16:30,123.84
5/8/2022 16:45,122.76
5/8/2022 17:00,123.48
5/8/2022 17:15,122.4
5/8/2022 17:30,121.68
5/8/2022 17:45,122.4
5/8/2022 18:00,121.32
5/8/2022 18:15,122.04
5/8/2022 18:30,122.4
5/8/2022 18:45,122.04
5/8/2022 19:00,123.12
5/8/2022 19:15,126.36
5/8/2022 19:30,127.08
5/8/2022 19:45,126.36
5/8/2022 20:00,125.64
5/8/2022 20:15,126.72
5/8/2022 20:30,126.36
5/8/2022 20:45,125.64
5/8/2022 21:00,125.64
5/8/2022 21:15,124.92
5/8/2022 21:30,123.48
5/8/2022 21:45,122.04
5/8/2022 22:00,122.04
5/8/2022 22:15,119.88
5/8/2022 22:30,120.96
5/8/2022 22:45,120.6
5/8/2022 23:00,120.24
5/8/2022 23:15,120.6
5/8/2022 23:30,120.24
5/8/2022 23:45,120.96
5/9/2022 0:00,119.88
5/9/2022 0:15,120.24
5/9/2022 0:30,122.04
5/9/2022 0:45,118.08
5/9/2022 1:00,119.88
5/9/2022 1:15,118.8
5/9/2022 1:30,119.88
5/9/2022 1:45,118.8
5/9/2022 2:00,118.8
5/9/2022 2:15,119.16
5/9/2022 2:30,118.44
5/9/2022 2:45,118.8
5/9/2022 3:00,122.04
5/9/2022 3:15,124.2
5/9/2022 3:30,122.76
5/9/2022 3:45,122.76
5/9/2022 4:00,125.64
5/9/2022 4:15,127.08
5/9/2022 4:30,125.64
5/9/2022 4:45,128.88
5/9/2022 5:00,128.88
5/9/2022 5:15,129.96
5/9/2022 5:30,129.6
5/9/2022 5:45,128.88
5/9/2022 6:00,131.76
5/9/2022 6:15,134.28
5/9/2022 6:30,137.52
5/9/2022 6:45,138.24
5/9/2022 7:00,140.4
5/9/2022 7:15,144
5/9/2022 7:30,143.64
5/9/2022 7:45,143.28
5/9/2022 8:00,143.28
5/9/2022 8:15,143.28
5/9/2022 8:30,144
5/9/2022 8:45,144.72
5/9/2022 9:00,144
5/9/2022 9:15,141.48
5/9/2022 9:30,144.36
5/9/2022 9:45,142.56
5/9/2022 10:00,142.2
5/9/2022 10:15,141.12
5/9/2022 10:30,141.12
5/9/2022 10:45,144.36
5/9/2022 11:00,142.56
5/9/2022 11:15,144
5/9/2022 11:30,142.92
5/9/2022 11:45,142.2
5/9/2022 12:00,141.84
5/9/2022 12:15,142.92
5/9/2022 12:30,144.36
5/9/2022 12:45,143.64
5/9/2022 13:00,143.28
5/9/2022 13:15,142.56
5/9/2022 13:30,142.92
5/9/2022 13:45,142.56
5/9/2022 14:00,141.48
5/9/2022 14:15,142.56
5/9/2022 14:30,141.84
5/9/2022 14:45,140.76
5/9/2022 15:00,138.24
5/9/2022 15:15,137.88
5/9/2022 15:30,136.08
5/9/2022 15:45,135.36
5/9/2022 16:00,133.92
5/9/2022 16:15,132.84
5/9/2022 16:30,129.96
5/9/2022 16:45,128.88
5/9/2022 17:00,128.52
5/9/2022 17:15,126.72
5/9/2022 17:30,124.92
5/9/2022 17:45,122.04
5/9/2022 18:00,123.12
5/9/2022 18:15,122.76
5/9/2022 18:30,122.4
5/9/2022 18:45,123.48
5/9/2022 19:00,125.64
5/9/2022 19:15,127.44
5/9/2022 19:30,128.16
5/9/2022 19:45,129.6
5/9/2022 20:00,129.96
5/9/2022 20:15,131.4
5/9/2022 20:30,131.04
5/9/2022 20:45,127.08
5/9/2022 21:00,127.08
5/9/2022 21:15,126.72
5/9/2022 21:30,126
5/9/2022 21:45,125.64
5/9/2022 22:00,126
5/9/2022 22:15,125.28
5/9/2022 22:30,123.84
5/9/2022 22:45,122.04
5/9/2022 23:00,122.04
5/9/2022 23:15,122.04
5/9/2022 23:30,121.32
5/9/2022 23:45,121.32
5/10/2022 0:00,121.32
5/10/2022 0:15,121.32
5/10/2022 0:30,121.32
5/10/2022 0:45,121.32
5/10/2022 1:00,120.96
5/10/2022 1:15,120.96
5/10/2022 1:30,121.32
5/10/2022 1:45,121.32
5/10/2022 2:00,120.96
5/10/2022 2:15,120.6
5/10/2022 2:30,121.68
5/10/2022 2:45,120.96
5/10/2022 3:00,120.96
5/10/2022 3:15,120.6
5/10/2022 3:30,128.52
5/10/2022 3:45,125.64
5/10/2022 4:00,129.96
5/10/2022 4:15,127.44
5/10/2022 4:30,129.6
5/10/2022 4:45,130.68
5/10/2022 5:00,132.48
5/10/2022 5:15,135
5/10/2022 5:30,133.92
5/10/2022 5:45,132.84
5/10/2022 6:00,135.72
5/10/2022 6:15,136.8
5/10/2022 6:30,140.4
5/10/2022 6:45,141.12
5/10/2022 7:00,142.56
5/10/2022 7:15,144
5/10/2022 7:30,143.64
5/10/2022 7:45,145.44
5/10/2022 8:00,145.08
5/10/2022 8:15,146.16
5/10/2022 8:30,145.44
5/10/2022 8:45,145.44
5/10/2022 9:00,144.36
5/10/2022 9:15,146.16
5/10/2022 9:30,145.08
5/10/2022 9:45,145.44
5/10/2022 10:00,145.08
5/10/2022 10:15,144.72
5/10/2022 10:30,144.36
5/10/2022 10:45,144.36
5/10/2022 11:00,143.64
5/10/2022 11:15,145.44
5/10/2022 11:30,143.64
5/10/2022 11:45,144
5/10/2022 12:00,144.36
5/10/2022 12:15,146.88
5/10/2022 12:30,146.16
5/10/2022 12:45,145.44
5/10/2022 13:00,143.28
5/10/2022 13:15,142.92
5/10/2022 13:30,142.56
5/10/2022 13:45,144
5/10/2022 14:00,144.72
5/10/2022 14:15,143.64
5/10/2022 14:30,142.56
5/10/2022 14:45,141.84
5/10/2022 15:00,143.64
5/10/2022 15:15,140.4
5/10/2022 15:30,139.32
5/10/2022 15:45,140.04
5/10/2022 16:00,135.72
5/10/2022 16:15,135
5/10/2022 16:30,133.56
5/10/2022 16:45,131.76
5/10/2022 17:00,131.04
5/10/2022 17:15,130.32
5/10/2022 17:30,129.24
5/10/2022 17:45,128.52
5/10/2022 18:00,127.08
5/10/2022 18:15,127.08
5/10/2022 18:30,128.88
5/10/2022 18:45,126.72
5/10/2022 19:00,126.72
5/10/2022 19:15,130.68
5/10/2022 19:30,130.68
5/10/2022 19:45,128.52
5/10/2022 20:00,128.88
5/10/2022 20:15,129.24
5/10/2022 20:30,127.8
5/10/2022 20:45,127.08
5/10/2022 21:00,125.64
5/10/2022 21:15,124.2
5/10/2022 21:30,124.92
5/10/2022 21:45,123.48
5/10/2022 22:00,123.12
5/10/2022 22:15,123.48
5/10/2022 22:30,122.4
5/10/2022 22:45,123.12
5/10/2022 23:00,122.76
5/10/2022 23:15,122.4
5/10/2022 23:30,122.76
5/10/2022 23:45,123.12
5/11/2022 0:00,122.04
5/11/2022 0:15,122.76
5/11/2022 0:30,123.12
5/11/2022 0:45,122.4
5/11/2022 1:00,123.48
5/11/2022 1:15,123.48
5/11/2022 1:30,122.4
5/11/2022 1:45,122.4
5/11/2022 2:00,122.04
5/11/2022 2:15,122.04
5/11/2022 2:30,122.04
5/11/2022 2:45,122.76
5/11/2022 3:00,122.04
5/11/2022 3:15,122.04
5/11/2022 3:30,122.76
5/11/2022 3:45,123.48
5/11/2022 4:00,133.92
5/11/2022 4:15,129.24
5/11/2022 4:30,129.24
5/11/2022 4:45,131.04
5/11/2022 5:00,131.4
5/11/2022 5:15,132.48
5/11/2022 5:30,131.76
5/11/2022 5:45,133.56
5/11/2022 6:00,136.44
5/11/2022 6:15,137.16
5/11/2022 6:30,138.96
5/11/2022 6:45,140.04
5/11/2022 7:00,144.36
5/11/2022 7:15,145.44
5/11/2022 7:30,147.6
5/11/2022 7:45,145.8
5/11/2022 8:00,145.44
5/11/2022 8:15,144.36
5/11/2022 8:30,147.96
5/11/2022 8:45,151.2
5/11/2022 9:00,146.16
5/11/2022 9:15,168.48
5/11/2022 9:30,192.6
5/11/2022 9:45,191.88
5/11/2022 10:00,191.88
5/11/2022 10:15,192.24
5/11/2022 10:30,192.24
5/11/2022 10:45,191.88
5/11/2022 11:00,192.6
5/11/2022 11:15,192.24
5/11/2022 11:30,190.8
5/11/2022 11:45,190.8
5/11/2022 12:00,190.44
5/11/2022 12:15,189
5/11/2022 12:30,189.36
5/11/2022 12:45,190.8
5/11/2022 13:00,191.16
5/11/2022 13:15,190.08
5/11/2022 13:30,188.64
5/11/2022 13:45,191.52
5/11/2022 14:00,192.24
5/11/2022 14:15,190.44
5/11/2022 14:30,187.56
5/11/2022 14:45,187.56
5/11/2022 15:00,186.84
5/11/2022 15:15,185.04
5/11/2022 15:30,183.96
5/11/2022 15:45,182.16
5/11/2022 16:00,180.72
5/11/2022 16:15,181.44
5/11/2022 16:30,181.08
5/11/2022 16:45,179.64
5/11/2022 17:00,178.92
5/11/2022 17:15,179.28
5/11/2022 17:30,176.76
5/11/2022 17:45,175.68
5/11/2022 18:00,174.96
5/11/2022 18:15,174.24
5/11/2022 18:30,171
5/11/2022 18:45,173.16
5/11/2022 19:00,173.16
5/11/2022 19:15,173.16
5/11/2022 19:30,174.96
5/11/2022 19:45,173.88
5/11/2022 20:00,172.8
5/11/2022 20:15,172.08
5/11/2022 20:30,170.28
5/11/2022 20:45,169.92
5/11/2022 21:00,168.12
5/11/2022 21:15,168.84
5/11/2022 21:30,167.76
5/11/2022 21:45,167.4
5/11/2022 22:00,165.24
5/11/2022 22:15,164.16
5/11/2022 22:30,164.52
5/11/2022 22:45,163.08
5/11/2022 23:00,162.72
5/11/2022 23:15,163.08
5/11/2022 23:30,163.08
5/11/2022 23:45,163.08
5/12/2022 0:00,162
5/12/2022 0:15,162.36
5/12/2022 0:30,162.72
5/12/2022 0:45,162
5/12/2022 1:00,162.72
5/12/2022 1:15,161.28
5/12/2022 1:30,162.36
5/12/2022 1:45,160.92
5/12/2022 2:00,162.36
5/12/2022 2:15,161.28
5/12/2022 2:30,162.36
5/12/2022 2:45,161.28
5/12/2022 3:00,162.36
5/12/2022 3:15,161.28
5/12/2022 3:30,168.84
5/12/2022 3:45,166.32
5/12/2022 4:00,169.56
5/12/2022 4:15,167.76
5/12/2022 4:30,167.76
5/12/2022 4:45,169.2
5/12/2022 5:00,168.84
5/12/2022 5:15,171.36
5/12/2022 5:30,170.28
5/12/2022 5:45,171.72
5/12/2022 6:00,171.72
5/12/2022 6:15,176.4
5/12/2022 6:30,176.04
5/12/2022 6:45,178.2
5/12/2022 7:00,182.52
5/12/2022 7:15,182.16
5/12/2022 7:30,183.96
5/12/2022 7:45,185.76
5/12/2022 8:00,187.92
5/12/2022 8:15,191.52
5/12/2022 8:30,187.2
5/12/2022 8:45,189.72
5/12/2022 9:00,186.84
5/12/2022 9:15,183.96
5/12/2022 9:30,183.24
5/12/2022 9:45,184.68
5/12/2022 10:00,184.68
5/12/2022 10:15,184.68
5/12/2022 10:30,185.4
5/12/2022 10:45,183.24
5/12/2022 11:00,184.32
5/12/2022 11:15,183.96
5/12/2022 11:30,184.68
5/12/2022 11:45,184.68
5/12/2022 12:00,183.24
5/12/2022 12:15,185.76
5/12/2022 12:30,185.76
5/12/2022 12:45,183.96
5/12/2022 13:00,181.44
5/12/2022 13:15,184.32
5/12/2022 13:30,187.56
5/12/2022 13:45,185.76
5/12/2022 14:00,184.68
5/12/2022 14:15,181.8
5/12/2022 14:30,181.8
5/12/2022 14:45,181.08
5/12/2022 15:00,179.64
5/12/2022 15:15,176.76
5/12/2022 15:30,175.68
5/12/2022 15:45,174.96
5/12/2022 16:00,173.16
5/12/2022 16:15,172.8
5/12/2022 16:30,172.08
5/12/2022 16:45,172.08
5/12/2022 17:00,170.28
5/12/2022 17:15,171.72
5/12/2022 17:30,168.84
5/12/2022 17:45,166.68
5/12/2022 18:00,166.68
5/12/2022 18:15,167.04
5/12/2022 18:30,168.48
5/12/2022 18:45,167.76
5/12/2022 19:00,166.68
5/12/2022 19:15,167.76
5/12/2022 19:30,167.04
5/12/2022 19:45,165.24
5/12/2022 20:00,164.88
5/12/2022 20:15,164.52
5/12/2022 20:30,163.8
5/12/2022 20:45,163.8
5/12/2022 21:00,162.36
5/12/2022 21:15,163.08
5/12/2022 21:30,162.36
5/12/2022 21:45,162.72
5/12/2022 22:00,163.08
5/12/2022 22:15,159.12
5/12/2022 22:30,159.12
5/12/2022 22:45,159.12
5/12/2022 23:00,158.4
5/12/2022 23:15,158.76
5/12/2022 23:30,157.32
5/12/2022 23:45,158.76
5/13/2022 0:00,158.76
5/13/2022 0:15,157.68
5/13/2022 0:30,156.6
5/13/2022 0:45,158.4
5/13/2022 1:00,158.04
5/13/2022 1:15,156.24
5/13/2022 1:30,157.68
5/13/2022 1:45,157.32
5/13/2022 2:00,157.32
5/13/2022 2:15,157.32
5/13/2022 2:30,157.68
5/13/2022 2:45,156.24
5/13/2022 3:00,158.76
5/13/2022 3:15,164.88
5/13/2022 3:30,161.28
5/13/2022 3:45,161.64
5/13/2022 4:00,160.92
5/13/2022 4:15,164.16
5/13/2022 4:30,164.52
5/13/2022 4:45,166.68
5/13/2022 5:00,170.64
5/13/2022 5:15,171.36
5/13/2022 5:30,172.08
5/13/2022 5:45,169.92
5/13/2022 6:00,170.64
5/13/2022 6:15,171.72
5/13/2022 6:30,173.88
5/13/2022 6:45,176.76
5/13/2022 7:00,180.72
5/13/2022 7:15,180.36
5/13/2022 7:30,180.36
5/13/2022 7:45,180.72
5/13/2022 8:00,182.88
5/13/2022 8:15,181.44
5/13/2022 8:30,183.24
5/13/2022 8:45,185.04
5/13/2022 9:00,183.24
5/13/2022 9:15,182.16
5/13/2022 9:30,182.88
5/13/2022 9:45,182.88
5/13/2022 10:00,184.32
5/13/2022 10:15,182.16
5/13/2022 10:30,184.32
5/13/2022 10:45,183.6
5/13/2022 11:00,183.6
5/13/2022 11:15,181.8
5/13/2022 11:30,181.8
5/13/2022 11:45,181.08
5/13/2022 12:00,181.44
5/13/2022 12:15,183.96
5/13/2022 12:30,183.24
5/13/2022 12:45,183.96
5/13/2022 13:00,182.52
5/13/2022 13:15,182.16
5/13/2022 13:30,183.24
5/13/2022 13:45,183.96
5/13/2022 14:00,182.52
5/13/2022 14:15,181.44
5/13/2022 14:30,181.8
5/13/2022 14:45,181.8
5/13/2022 15:00,178.92
5/13/2022 15:15,177.48
5/13/2022 15:30,177.84
5/13/2022 15:45,175.32
5/13/2022 16:00,174.24
5/13/2022 16:15,173.52
5/13/2022 16:30,171.36
5/13/2022 16:45,170.28
5/13/2022 17:00,168.84
5/13/2022 17:15,168.48
5/13/2022 17:30,165.24
5/13/2022 17:45,166.68
5/13/2022 18:00,163.8
5/13/2022 18:15,165.24
5/13/2022 18:30,165.24
5/13/2022 18:45,167.4
5/13/2022 19:00,167.04
5/13/2022 19:15,165.96
5/13/2022 19:30,167.04
5/13/2022 19:45,165.6
5/13/2022 20:00,164.88
5/13/2022 20:15,165.24
5/13/2022 20:30,164.88
5/13/2022 20:45,163.8
5/13/2022 21:00,164.52
5/13/2022 21:15,162.72
5/13/2022 21:30,163.44
5/13/2022 21:45,163.8
5/13/2022 22:00,162.72
5/13/2022 22:15,162
5/13/2022 22:30,159.84
5/13/2022 22:45,159.84
5/13/2022 23:00,158.4
5/13/2022 23:15,158.04
5/13/2022 23:30,158.76
5/13/2022 23:45,159.12
5/14/2022 0:00,159.12
5/14/2022 0:15,158.76
5/14/2022 0:30,159.12
5/14/2022 0:45,160.2
5/14/2022 1:00,158.04
5/14/2022 1:15,158.4
5/14/2022 1:30,158.04
5/14/2022 1:45,158.76
5/14/2022 2:00,159.12
5/14/2022 2:15,157.32
5/14/2022 2:30,157.68
5/14/2022 2:45,157.32
5/14/2022 3:00,159.48
5/14/2022 3:15,158.4
5/14/2022 3:30,159.48
5/14/2022 3:45,157.32
5/14/2022 4:00,165.6
5/14/2022 4:15,166.68
5/14/2022 4:30,165.24
5/14/2022 4:45,166.32
5/14/2022 5:00,167.04
5/14/2022 5:15,168.84
5/14/2022 5:30,173.16
5/14/2022 5:45,176.4
5/14/2022 6:00,174.6
5/14/2022 6:15,174.96
5/14/2022 6:30,172.8
5/14/2022 6:45,171.36
5/14/2022 7:00,171
5/14/2022 7:15,169.2
5/14/2022 7:30,170.64
5/14/2022 7:45,170.64
5/14/2022 8:00,173.16
5/14/2022 8:15,173.52
5/14/2022 8:30,173.88
5/14/2022 8:45,175.32
5/14/2022 9:00,172.44
5/14/2022 9:15,170.64
5/14/2022 9:30,171.72
5/14/2022 9:45,171
5/14/2022 10:00,171.72
5/14/2022 10:15,170.64
5/14/2022 10:30,172.44
5/14/2022 10:45,170.64
5/14/2022 11:00,172.44
5/14/2022 11:15,174.6
5/14/2022 11:30,172.8
5/14/2022 11:45,172.8
5/14/2022 12:00,171.72
5/14/2022 12:15,172.44
5/14/2022 12:30,171.36
5/14/2022 12:45,170.28
5/14/2022 13:00,169.56
5/14/2022 13:15,170.28
5/14/2022 13:30,171.72
5/14/2022 13:45,172.08
5/14/2022 14:00,170.28
5/14/2022 14:15,170.64
5/14/2022 14:30,172.08
5/14/2022 14:45,170.28
5/14/2022 15:00,169.2
5/14/2022 15:15,171.36
5/14/2022 15:30,170.28
5/14/2022 15:45,168.84
5/14/2022 16:00,166.32
5/14/2022 16:15,166.68
5/14/2022 16:30,165.6
5/14/2022 16:45,165.96
5/14/2022 17:00,168.84
5/14/2022 17:15,169.2
5/14/2022 17:30,164.52
5/14/2022 17:45,164.52
5/14/2022 18:00,163.8
5/14/2022 18:15,164.88
5/14/2022 18:30,163.08
5/14/2022 18:45,163.08
5/14/2022 19:00,162.72
5/14/2022 19:15,164.88
5/14/2022 19:30,165.6
5/14/2022 19:45,164.16
5/14/2022 20:00,163.08
5/14/2022 20:15,161.28
5/14/2022 20:30,160.92
5/14/2022 20:45,160.56
5/14/2022 21:00,161.28
5/14/2022 21:15,158.4
5/14/2022 21:30,159.12
5/14/2022 21:45,159.48
5/14/2022 22:00,158.76
5/14/2022 22:15,158.4
5/14/2022 22:30,158.04
5/14/2022 22:45,158.4
5/14/2022 23:00,158.04
5/14/2022 23:15,158.04
5/14/2022 23:30,156.6
5/14/2022 23:45,158.4
5/15/2022 0:00,156.96
5/15/2022 0:15,156.6
5/15/2022 0:30,156.6
5/15/2022 0:45,157.68
5/15/2022 1:00,156.24
5/15/2022 1:15,155.88
5/15/2022 1:30,156.24
5/15/2022 1:45,156.24
5/15/2022 2:00,156.24
5/15/2022 2:15,155.88
5/15/2022 2:30,154.8
5/15/2022 2:45,156.24
5/15/2022 3:00,155.52
5/15/2022 3:15,155.16
5/15/2022 3:30,158.04
5/15/2022 3:45,156.6
5/15/2022 4:00,167.04
5/15/2022 4:15,162.72
5/15/2022 4:30,164.16
5/15/2022 4:45,163.8
5/15/2022 5:00,164.16
5/15/2022 5:15,164.88
5/15/2022 5:30,164.88
5/15/2022 5:45,164.16
5/15/2022 6:00,163.8
5/15/2022 6:15,163.8
5/15/2022 6:30,163.44
5/15/2022 6:45,166.32
5/15/2022 7:00,165.24
5/15/2022 7:15,167.04
5/15/2022 7:30,167.04
5/15/2022 7:45,166.32
5/15/2022 8:00,167.04
5/15/2022 8:15,167.76
5/15/2022 8:30,169.2
5/15/2022 8:45,168.84
5/15/2022 9:00,168.48
5/15/2022 9:15,168.48
5/15/2022 9:30,168.12
5/15/2022 9:45,167.4
5/15/2022 10:00,167.4
5/15/2022 10:15,167.4
5/15/2022 10:30,166.68
5/15/2022 10:45,165.96
5/15/2022 11:00,167.04
5/15/2022 11:15,168.48
5/15/2022 11:30,167.4
5/15/2022 11:45,166.32
5/15/2022 12:00,167.04
5/15/2022 12:15,168.84
5/15/2022 12:30,169.2
5/15/2022 12:45,168.84
5/15/2022 13:00,168.48
5/15/2022 13:15,168.48
5/15/2022 13:30,167.4
5/15/2022 13:45,167.76
5/15/2022 14:00,166.68
5/15/2022 14:15,166.32
5/15/2022 14:30,165.6
5/15/2022 14:45,168.48
5/15/2022 15:00,166.68
5/15/2022 15:15,167.04
5/15/2022 15:30,166.68
5/15/2022 15:45,166.32
5/15/2022 16:00,164.16
5/15/2022 16:15,163.44
5/15/2022 16:30,163.8
5/15/2022 16:45,164.16
5/15/2022 17:00,163.08
5/15/2022 17:15,163.44
5/15/2022 17:30,162
5/15/2022 17:45,161.28
5/15/2022 18:00,159.48
5/15/2022 18:15,160.2
5/15/2022 18:30,159.48
5/15/2022 18:45,158.76
5/15/2022 19:00,158.4
5/15/2022 19:15,160.92
5/15/2022 19:30,159.48
5/15/2022 19:45,160.2
5/15/2022 20:00,159.48
5/15/2022 20:15,157.32
5/15/2022 20:30,157.32
5/15/2022 20:45,156.96
5/15/2022 21:00,156.96
5/15/2022 21:15,157.68
5/15/2022 21:30,156.96
5/15/2022 21:45,156.24
5/15/2022 22:00,156.96
5/15/2022 22:15,155.52
5/15/2022 22:30,156.24
5/15/2022 22:45,155.88
5/15/2022 23:00,155.88
5/15/2022 23:15,155.52
5/15/2022 23:30,155.52
5/15/2022 23:45,155.88
5/16/2022 0:00,154.08
5/16/2022 0:15,154.08
5/16/2022 0:30,153.36
5/16/2022 0:45,154.44
5/16/2022 1:00,154.44
5/16/2022 1:15,154.08
5/16/2022 1:30,154.8
5/16/2022 1:45,154.08
5/16/2022 2:00,153
5/16/2022 2:15,154.08
5/16/2022 2:30,154.44
5/16/2022 2:45,154.44
5/16/2022 3:00,153.36
5/16/2022 3:15,153.72
5/16/2022 3:30,159.84
5/16/2022 3:45,159.12
5/16/2022 4:00,162
5/16/2022 4:15,159.12
5/16/2022 4:30,159.12
5/16/2022 4:45,159.48
5/16/2022 5:00,161.28
5/16/2022 5:15,160.92
5/16/2022 5:30,164.88
5/16/2022 5:45,163.8
5/16/2022 6:00,167.76
5/16/2022 6:15,169.56
5/16/2022 6:30,172.44
5/16/2022 6:45,174.6
5/16/2022 7:00,177.12
5/16/2022 7:15,181.08
5/16/2022 7:30,181.8
5/16/2022 7:45,182.88
5/16/2022 8:00,183.24
5/16/2022 8:15,184.68
5/16/2022 8:30,184.68
5/16/2022 8:45,183.24
5/16/2022 9:00,186.12
5/16/2022 9:15,186.12
5/16/2022 9:30,185.04
5/16/2022 9:45,184.68
5/16/2022 10:00,185.76
5/16/2022 10:15,185.76
5/16/2022 10:30,186.12
5/16/2022 10:45,186.48
5/16/2022 11:00,185.76
5/16/2022 11:15,186.48
5/16/2022 11:30,185.76
5/16/2022 11:45,186.48
5/16/2022 12:00,187.56
5/16/2022 12:15,191.16
5/16/2022 12:30,190.8
5/16/2022 12:45,187.92
5/16/2022 13:00,186.84
5/16/2022 13:15,185.04
5/16/2022 13:30,187.2
5/16/2022 13:45,188.64
5/16/2022 14:00,188.28
5/16/2022 14:15,187.92
5/16/2022 14:30,187.92
5/16/2022 14:45,184.68
5/16/2022 15:00,181.8
5/16/2022 15:15,182.88
5/16/2022 15:30,180.72
5/16/2022 15:45,178.92
5/16/2022 16:00,178.56
5/16/2022 16:15,176.4
5/16/2022 16:30,174.24
5/16/2022 16:45,174.96
5/16/2022 17:00,173.16
5/16/2022 17:15,173.16
5/16/2022 17:30,171
5/16/2022 17:45,170.28
5/16/2022 18:00,169.56
5/16/2022 18:15,168.84
5/16/2022 18:30,170.28
5/16/2022 18:45,169.2
5/16/2022 19:00,167.04
5/16/2022 19:15,170.28
5/16/2022 19:30,170.28
5/16/2022 19:45,169.92
5/16/2022 20:00,171
5/16/2022 20:15,169.56
5/16/2022 20:30,170.28
5/16/2022 20:45,168.84
5/16/2022 21:00,167.76
5/16/2022 21:15,167.76
5/16/2022 21:30,167.4
5/16/2022 21:45,167.4
5/16/2022 22:00,165.6
5/16/2022 22:15,165.24
5/16/2022 22:30,163.08
5/16/2022 22:45,162.72
5/16/2022 23:00,163.08
5/16/2022 23:15,162
5/16/2022 23:30,162.72
5/16/2022 23:45,162.36
5/17/2022 0:00,162.36
5/17/2022 0:15,160.92
5/17/2022 0:30,161.64
5/17/2022 0:45,160.92
5/17/2022 1:00,160.92
5/17/2022 1:15,160.2
5/17/2022 1:30,161.28
5/17/2022 1:45,159.84
5/17/2022 2:00,159.48
5/17/2022 2:15,160.56
5/17/2022 2:30,157.68
5/17/2022 2:45,159.12
5/17/2022 3:00,162.72
5/17/2022 3:15,164.16
5/17/2022 3:30,164.52
5/17/2022 3:45,166.32
5/17/2022 4:00,165.96
5/17/2022 4:15,164.52
5/17/2022 4:30,164.52
5/17/2022 4:45,164.88
5/17/2022 5:00,166.32
5/17/2022 5:15,167.04
5/17/2022 5:30,165.6
5/17/2022 5:45,168.48
5/17/2022 6:00,168.48
5/17/2022 6:15,171
5/17/2022 6:30,174.6
5/17/2022 6:45,177.84
5/17/2022 7:00,181.08
5/17/2022 7:15,184.32
5/17/2022 7:30,186.48
5/17/2022 7:45,183.6
5/17/2022 8:00,186.48
5/17/2022 8:15,187.92
5/17/2022 8:30,187.2
5/17/2022 8:45,188.64
5/17/2022 9:00,186.48
5/17/2022 9:15,188.28
5/17/2022 9:30,189
5/17/2022 9:45,189.36
5/17/2022 10:00,190.8
5/17/2022 10:15,190.08
5/17/2022 10:30,191.16
5/17/2022 10:45,189.72
5/17/2022 11:00,190.08
5/17/2022 11:15,189.72
5/17/2022 11:30,189
5/17/2022 11:45,187.56
5/17/2022 12:00,191.16
5/17/2022 12:15,191.88
5/17/2022 12:30,192.6
5/17/2022 12:45,191.88
5/17/2022 13:00,190.08
5/17/2022 13:15,189.72
5/17/2022 13:30,187.92
5/17/2022 13:45,231.48
5/17/2022 14:00,224.28
5/17/2022 14:15,223.56
5/17/2022 14:30,221.4
5/17/2022 14:45,220.32
5/17/2022 15:00,221.4
5/17/2022 15:15,219.96
5/17/2022 15:30,219.96
5/17/2022 15:45,217.8
5/17/2022 16:00,216.72
5/17/2022 16:15,216
5/17/2022 16:30,212.76
5/17/2022 16:45,213.48
5/17/2022 17:00,212.76
5/17/2022 17:15,211.32
5/17/2022 17:30,210.6
5/17/2022 17:45,206.64
5/17/2022 18:00,207.72
5/17/2022 18:15,172.44
5/17/2022 18:30,173.52
5/17/2022 18:45,172.08
5/17/2022 19:00,169.92
5/17/2022 19:15,174.96
5/17/2022 19:30,177.48
5/17/2022 19:45,174.96
5/17/2022 20:00,175.32
5/17/2022 20:15,173.88
5/17/2022 20:30,173.88
5/17/2022 20:45,172.44
5/17/2022 21:00,170.64
5/17/2022 21:15,171.36
5/17/2022 21:30,171.36
5/17/2022 21:45,169.92
5/17/2022 22:00,169.92
5/17/2022 22:15,169.2
5/17/2022 22:30,168.12
5/17/2022 22:45,167.76
5/17/2022 23:00,167.4
5/17/2022 23:15,165.96
5/17/2022 23:30,167.4
5/17/2022 23:45,165.96
5/18/2022 0:00,166.32
5/18/2022 0:15,165.96
5/18/2022 0:30,166.32
5/18/2022 0:45,165.96
5/18/2022 1:00,165.6
5/18/2022 1:15,164.88
5/18/2022 1:30,165.96
5/18/2022 1:45,164.16
5/18/2022 2:00,165.24
5/18/2022 2:15,164.88
5/18/2022 2:30,163.8
5/18/2022 2:45,164.16
5/18/2022 3:00,164.88
5/18/2022 3:15,167.76
5/18/2022 3:30,171.36
5/18/2022 3:45,168.48
5/18/2022 4:00,172.44
5/18/2022 4:15,171.72
5/18/2022 4:30,171.36
5/18/2022 4:45,171
5/18/2022 5:00,173.16
5/18/2022 5:15,172.44
5/18/2022 5:30,171.72
5/18/2022 5:45,173.16
5/18/2022 6:00,174.96
5/18/2022 6:15,178.56
5/18/2022 6:30,181.8
5/18/2022 6:45,183.24
5/18/2022 7:00,186.84
5/18/2022 7:15,188.64
5/18/2022 7:30,190.08
5/18/2022 7:45,190.08
5/18/2022 8:00,191.52
5/18/2022 8:15,192.6
5/18/2022 8:30,195.12
5/18/2022 8:45,194.4
5/18/2022 9:00,194.4
5/18/2022 9:15,243.36
5/18/2022 9:30,231.12
5/18/2022 9:45,230.76
5/18/2022 10:00,232.2
5/18/2022 10:15,230.04
5/18/2022 10:30,231.48
5/18/2022 10:45,230.04
5/18/2022 11:00,231.12
5/18/2022 11:15,231.48
5/18/2022 11:30,227.88
5/18/2022 11:45,228.24
5/18/2022 12:00,229.68
5/18/2022 12:15,230.76
5/18/2022 12:30,230.04
5/18/2022 12:45,230.76
5/18/2022 13:00,230.04
5/18/2022 13:15,230.04
5/18/2022 13:30,230.04
5/18/2022 13:45,231.48
5/18/2022 14:00,232.92
5/18/2022 14:15,230.04
5/18/2022 14:30,229.32
5/18/2022 14:45,225.36
5/18/2022 15:00,225.36
5/18/2022 15:15,222.12
5/18/2022 15:30,221.4
5/18/2022 15:45,217.08
5/18/2022 16:00,218.52
5/18/2022 16:15,218.52
5/18/2022 16:30,217.8
5/18/2022 16:45,216.36
5/18/2022 17:00,213.84
5/18/2022 17:15,211.68
5/18/2022 17:30,209.52
5/18/2022 17:45,177.84
5/18/2022 18:00,172.08
5/18/2022 18:15,174.6
5/18/2022 18:30,173.16
5/18/2022 18:45,176.04
5/18/2022 19:00,176.76
5/18/2022 19:15,177.12
5/18/2022 19:30,177.84
5/18/2022 19:45,177.84
5/18/2022 20:00,176.04
5/18/2022 20:15,175.32
5/18/2022 20:30,174.96
5/18/2022 20:45,174.24
5/18/2022 21:00,172.8
5/18/2022 21:15,173.88
5/18/2022 21:30,173.88
5/18/2022 21:45,173.88
5/18/2022 22:00,171.72
5/18/2022 22:15,171.36
5/18/2022 22:30,170.28
5/18/2022 22:45,169.92
5/18/2022 23:00,169.2
5/18/2022 23:15,168.48
5/18/2022 23:30,169.56
5/18/2022 23:45,168.12
5/19/2022 0:00,168.12
5/19/2022 0:15,167.76
5/19/2022 0:30,169.2
5/19/2022 0:45,167.04
5/19/2022 1:00,166.68
5/19/2022 1:15,167.76
5/19/2022 1:30,166.68
5/19/2022 1:45,167.04
5/19/2022 2:00,165.96
5/19/2022 2:15,165.96
5/19/2022 2:30,165.24
5/19/2022 2:45,166.68
5/19/2022 3:00,167.76
5/19/2022 3:15,172.08
5/19/2022 3:30,170.28
5/19/2022 3:45,173.16
5/19/2022 4:00,174.24
5/19/2022 4:15,172.8
5/19/2022 4:30,172.8
5/19/2022 4:45,172.8
5/19/2022 5:00,173.16
5/19/2022 5:15,174.24
5/19/2022 5:30,173.88
5/19/2022 5:45,175.68
5/19/2022 6:00,176.4
5/19/2022 6:15,178.92
5/19/2022 6:30,182.16
5/19/2022 6:45,183.96
5/19/2022 7:00,184.68
5/19/2022 7:15,187.2
5/19/2022 7:30,188.64
5/19/2022 7:45,190.8
5/19/2022 8:00,191.52
5/19/2022 8:15,192.6
5/19/2022 8:30,192.6
5/19/2022 8:45,192.24
5/19/2022 9:00,189
5/19/2022 9:15,191.16
5/19/2022 9:30,238.32
5/19/2022 9:45,232.2
5/19/2022 10:00,232.2
5/19/2022 10:15,234.36
5/19/2022 10:30,232.92
5/19/2022 10:45,233.64
5/19/2022 11:00,233.64
5/19/2022 11:15,234
5/19/2022 11:30,233.28
5/19/2022 11:45,230.04
5/19/2022 12:00,231.84
5/19/2022 12:15,232.2
5/19/2022 12:30,232.2
5/19/2022 12:45,230.4
5/19/2022 13:00,227.52
5/19/2022 13:15,228.6
5/19/2022 13:30,228.96
5/19/2022 13:45,228.6
5/19/2022 14:00,229.68
5/19/2022 14:15,231.12
5/19/2022 14:30,230.76
5/19/2022 14:45,227.52
5/19/2022 15:00,224.28
5/19/2022 15:15,221.04
5/19/2022 15:30,218.16
5/19/2022 15:45,219.24
5/19/2022 16:00,218.16
5/19/2022 16:15,214.56
5/19/2022 16:30,215.64
5/19/2022 16:45,213.84
5/19/2022 17:00,213.48
5/19/2022 17:15,212.04
5/19/2022 17:30,211.68
5/19/2022 17:45,211.68
5/19/2022 18:00,210.96
5/19/2022 18:15,209.88
5/19/2022 18:30,209.16
5/19/2022 18:45,198
5/19/2022 19:00,172.44
5/19/2022 19:15,177.12
5/19/2022 19:30,177.48
5/19/2022 19:45,177.48
5/19/2022 20:00,178.2
5/19/2022 20:15,176.76
5/19/2022 20:30,176.4
5/19/2022 20:45,175.68
5/19/2022 21:00,175.68
5/19/2022 21:15,174.6
5/19/2022 21:30,173.88
5/19/2022 21:45,174.6
5/19/2022 22:00,173.52
5/19/2022 22:15,171.72
5/19/2022 22:30,169.56
5/19/2022 22:45,168.48
5/19/2022 23:00,168.84
5/19/2022 23:15,168.12
5/19/2022 23:30,168.48
5/19/2022 23:45,168.12
5/20/2022 0:00,169.2
5/20/2022 0:15,168.48
5/20/2022 0:30,168.84
5/20/2022 0:45,168.48
5/20/2022 1:00,168.48
5/20/2022 1:15,168.12
5/20/2022 1:30,168.48
5/20/2022 1:45,168.12
5/20/2022 2:00,168.48
5/20/2022 2:15,168.84
5/20/2022 2:30,168.48
5/20/2022 2:45,167.76
5/20/2022 3:00,167.4
5/20/2022 3:15,167.76
5/20/2022 3:30,167.4
5/20/2022 3:45,169.56
5/20/2022 4:00,180.36
5/20/2022 4:15,174.24
5/20/2022 4:30,175.32
5/20/2022 4:45,176.4
5/20/2022 5:00,176.04
5/20/2022 5:15,176.04
5/20/2022 5:30,175.68
5/20/2022 5:45,173.52
5/20/2022 6:00,178.92
5/20/2022 6:15,179.64
5/20/2022 6:30,183.6
5/20/2022 6:45,185.4
5/20/2022 7:00,186.12
5/20/2022 7:15,186.12
5/20/2022 7:30,191.88
5/20/2022 7:45,191.52
5/20/2022 8:00,191.52
5/20/2022 8:15,190.08
5/20/2022 8:30,189.72
5/20/2022 8:45,191.52
5/20/2022 9:00,219.6
5/20/2022 9:15,232.56
5/20/2022 9:30,227.88
5/20/2022 9:45,227.16
5/20/2022 10:00,208.8
5/20/2022 10:15,190.8
5/20/2022 10:30,192.6
5/20/2022 10:45,243.72
5/20/2022 11:00,229.68
5/20/2022 11:15,229.68
5/20/2022 11:30,228.24
5/20/2022 11:45,196.56
5/20/2022 12:00,190.08
5/20/2022 12:15,192.6
5/20/2022 12:30,242.64
5/20/2022 12:45,233.28
5/20/2022 13:00,231.48
5/20/2022 13:15,227.16
5/20/2022 13:30,227.16
5/20/2022 13:45,229.32
5/20/2022 14:00,227.52
5/20/2022 14:15,202.68
5/20/2022 14:30,187.2
5/20/2022 14:45,228.96
5/20/2022 15:00,228.96
5/20/2022 15:15,225.36
5/20/2022 15:30,223.92
5/20/2022 15:45,208.44
5/20/2022 16:00,181.08
5/20/2022 16:15,177.84
5/20/2022 16:30,176.4
5/20/2022 16:45,177.84
5/20/2022 17:00,179.28
5/20/2022 17:15,174.96
5/20/2022 17:30,176.04
5/20/2022 17:45,175.32
5/20/2022 18:00,174.24
5/20/2022 18:15,172.44
5/20/2022 18:30,170.28
5/20/2022 18:45,170.28
5/20/2022 19:00,171
5/20/2022 19:15,172.8
5/20/2022 19:30,173.52
5/20/2022 19:45,172.08
5/20/2022 20:00,170.64
5/20/2022 20:15,171.36
5/20/2022 20:30,169.92
5/20/2022 20:45,168.12
5/20/2022 21:00,168.12
5/20/2022 21:15,168.84
5/20/2022 21:30,168.12
5/20/2022 21:45,167.4
5/20/2022 22:00,165.6
5/20/2022 22:15,163.44
5/20/2022 22:30,162
5/20/2022 22:45,160.92
5/20/2022 23:00,160.2
5/20/2022 23:15,159.84
5/20/2022 23:30,160.92
5/20/2022 23:45,160.2
5/21/2022 0:00,159.12
5/21/2022 0:15,159.48
5/21/2022 0:30,159.84
5/21/2022 0:45,159.84
5/21/2022 1:00,158.76
5/21/2022 1:15,159.12
5/21/2022 1:30,159.84
5/21/2022 1:45,159.48
5/21/2022 2:00,159.12
5/21/2022 2:15,158.4
5/21/2022 2:30,159.12
5/21/2022 2:45,159.12
5/21/2022 3:00,159.48
5/21/2022 3:15,159.12
5/21/2022 3:30,167.76
5/21/2022 3:45,169.56
5/21/2022 4:00,166.32
5/21/2022 4:15,165.6
5/21/2022 4:30,167.04
5/21/2022 4:45,168.12
5/21/2022 5:00,168.84
5/21/2022 5:15,167.76
5/21/2022 5:30,167.76
5/21/2022 5:45,167.4
5/21/2022 6:00,167.76
5/21/2022 6:15,168.48
5/21/2022 6:30,171.36
5/21/2022 6:45,171
5/21/2022 7:00,172.8
5/21/2022 7:15,172.08
5/21/2022 7:30,172.08
5/21/2022 7:45,170.64
5/21/2022 8:00,171.36
5/21/2022 8:15,170.64
5/21/2022 8:30,171.72
5/21/2022 8:45,171.72
5/21/2022 9:00,174.24
5/21/2022 9:15,173.88
5/21/2022 9:30,172.08
5/21/2022 9:45,172.08
5/21/2022 10:00,173.52
5/21/2022 10:15,171.36
5/21/2022 10:30,172.44
5/21/2022 10:45,172.8
5/21/2022 11:00,171
5/21/2022 11:15,171.72
5/21/2022 11:30,172.08
5/21/2022 11:45,171
5/21/2022 12:00,170.64
5/21/2022 12:15,171
5/21/2022 12:30,172.8
5/21/2022 12:45,176.04
5/21/2022 13:00,171.72
5/21/2022 13:15,170.28
5/21/2022 13:30,170.64
5/21/2022 13:45,172.08
5/21/2022 14:00,171.36
5/21/2022 14:15,172.44
5/21/2022 14:30,173.52
5/21/2022 14:45,172.8
5/21/2022 15:00,172.8
5/21/2022 15:15,169.56
5/21/2022 15:30,170.28
5/21/2022 15:45,169.56
5/21/2022 16:00,169.2
5/21/2022 16:15,169.2
5/21/2022 16:30,169.56
5/21/2022 16:45,169.2
5/21/2022 17:00,168.12
5/21/2022 17:15,167.04
5/21/2022 17:30,169.2
5/21/2022 17:45,169.56
5/21/2022 18:00,168.48
5/21/2022 18:15,167.4
5/21/2022 18:30,167.04
5/21/2022 18:45,168.12
5/21/2022 19:00,166.68
5/21/2022 19:15,169.2
5/21/2022 19:30,167.04
5/21/2022 19:45,166.68
5/21/2022 20:00,167.4
5/21/2022 20:15,166.68
5/21/2022 20:30,166.68
5/21/2022 20:45,164.88
5/21/2022 21:00,163.44
5/21/2022 21:15,163.08
5/21/2022 21:30,163.08
5/21/2022 21:45,161.28
5/21/2022 22:00,160.2
5/21/2022 22:15,159.84
5/21/2022 22:30,159.12
5/21/2022 22:45,159.84
5/21/2022 23:00,159.84
5/21/2022 23:15,159.84
5/21/2022 23:30,159.48
5/21/2022 23:45,158.76
5/22/2022 0:00,156.6
5/22/2022 0:15,158.04
5/22/2022 0:30,158.4
5/22/2022 0:45,157.32
5/22/2022 1:00,157.32
5/22/2022 1:15,157.32
5/22/2022 1:30,156.96
5/22/2022 1:45,158.04
5/22/2022 2:00,158.04
5/22/2022 2:15,156.96
5/22/2022 2:30,156.96
5/22/2022 2:45,156.6
5/22/2022 3:00,162.36
5/22/2022 3:15,165.24
5/22/2022 3:30,161.28
5/22/2022 3:45,167.04
5/22/2022 4:00,164.88
5/22/2022 4:15,163.44
5/22/2022 4:30,164.16
5/22/2022 4:45,164.88
5/22/2022 5:00,165.24
5/22/2022 5:15,165.24
5/22/2022 5:30,163.8
5/22/2022 5:45,164.52
5/22/2022 6:00,166.68
5/22/2022 6:15,163.8
5/22/2022 6:30,164.88
5/22/2022 6:45,167.4
5/22/2022 7:00,167.76
5/22/2022 7:15,169.56
5/22/2022 7:30,169.2
5/22/2022 7:45,168.48
5/22/2022 8:00,169.92
5/22/2022 8:15,171.72
5/22/2022 8:30,173.88
5/22/2022 8:45,175.32
5/22/2022 9:00,176.4
5/22/2022 9:15,176.4
5/22/2022 9:30,176.76
5/22/2022 9:45,176.4
5/22/2022 10:00,176.76
5/22/2022 10:15,177.12
5/22/2022 10:30,177.12
5/22/2022 10:45,176.04
5/22/2022 11:00,174.96
5/22/2022 11:15,175.32
5/22/2022 11:30,175.32
5/22/2022 11:45,173.52
5/22/2022 12:00,174.24
5/22/2022 12:15,176.76
5/22/2022 12:30,176.4
5/22/2022 12:45,176.4
5/22/2022 13:00,175.32
5/22/2022 13:15,174.6
5/22/2022 13:30,172.44
5/22/2022 13:45,173.16
5/22/2022 14:00,173.88
5/22/2022 14:15,172.8
5/22/2022 14:30,171.72
5/22/2022 14:45,173.16
5/22/2022 15:00,172.8
5/22/2022 15:15,172.44
5/22/2022 15:30,171.36
5/22/2022 15:45,172.44
5/22/2022 16:00,172.44
5/22/2022 16:15,171
5/22/2022 16:30,171.72
5/22/2022 16:45,169.2
5/22/2022 17:00,168.48
5/22/2022 17:15,170.28
5/22/2022 17:30,169.92
5/22/2022 17:45,165.6
5/22/2022 18:00,167.76
5/22/2022 18:15,166.32
5/22/2022 18:30,163.44
5/22/2022 18:45,168.12
5/22/2022 19:00,168.84
5/22/2022 19:15,168.48
5/22/2022 19:30,168.12
5/22/2022 19:45,167.04
5/22/2022 20:00,167.76
5/22/2022 20:15,167.04
5/22/2022 20:30,166.32
5/22/2022 20:45,167.04
5/22/2022 21:00,167.04
5/22/2022 21:15,167.76
5/22/2022 21:30,166.32
5/22/2022 21:45,163.8
5/22/2022 22:00,162
5/22/2022 22:15,162.36
5/22/2022 22:30,162.36
5/22/2022 22:45,160.56
5/22/2022 23:00,160.56
5/22/2022 23:15,159.48
5/22/2022 23:30,158.4
5/22/2022 23:45,159.12
5/23/2022 0:00,159.12
5/23/2022 0:15,158.76
5/23/2022 0:30,158.4
5/23/2022 0:45,157.32
5/23/2022 1:00,158.04
5/23/2022 1:15,157.32
5/23/2022 1:30,157.32
5/23/2022 1:45,157.32
5/23/2022 2:00,156.6
5/23/2022 2:15,156.6
5/23/2022 2:30,158.04
5/23/2022 2:45,157.68
5/23/2022 3:00,161.64
5/23/2022 3:15,162
5/23/2022 3:30,160.92
5/23/2022 3:45,161.28
5/23/2022 4:00,164.52
5/23/2022 4:15,164.52
5/23/2022 4:30,166.32
5/23/2022 4:45,168.12
5/23/2022 5:00,168.84
5/23/2022 5:15,168.12
5/23/2022 5:30,169.92
5/23/2022 5:45,172.08
5/23/2022 6:00,173.88
5/23/2022 6:15,178.2
5/23/2022 6:30,181.44
5/23/2022 6:45,183.24
5/23/2022 7:00,182.52
5/23/2022 7:15,182.88
5/23/2022 7:30,182.16
5/23/2022 7:45,183.24
5/23/2022 8:00,185.76
5/23/2022 8:15,185.76
5/23/2022 8:30,187.56
5/23/2022 8:45,189
5/23/2022 9:00,187.56
5/23/2022 9:15,186.12
5/23/2022 9:30,185.4
5/23/2022 9:45,186.48
5/23/2022 10:00,187.2
5/23/2022 10:15,186.48
5/23/2022 10:30,188.64
5/23/2022 10:45,187.56
5/23/2022 11:00,186.84
5/23/2022 11:15,186.48
5/23/2022 11:30,187.56
5/23/2022 11:45,185.04
5/23/2022 12:00,185.4
5/23/2022 12:15,186.12
5/23/2022 12:30,187.56
5/23/2022 12:45,186.84
5/23/2022 13:00,186.12
5/23/2022 13:15,185.04
5/23/2022 13:30,185.4
5/23/2022 13:45,183.96
5/23/2022 14:00,184.68
5/23/2022 14:15,183.24
5/23/2022 14:30,181.08
5/23/2022 14:45,180.36
5/23/2022 15:00,179.64
5/23/2022 15:15,177.12
5/23/2022 15:30,175.68
5/23/2022 15:45,174.24
5/23/2022 16:00,173.88
5/23/2022 16:15,171
5/23/2022 16:30,171
5/23/2022 16:45,168.48
5/23/2022 17:00,168.48
5/23/2022 17:15,166.32
5/23/2022 17:30,165.24
5/23/2022 17:45,163.8
5/23/2022 18:00,163.44
5/23/2022 18:15,164.16
5/23/2022 18:30,163.08
5/23/2022 18:45,163.08
5/23/2022 19:00,162
5/23/2022 19:15,163.44
5/23/2022 19:30,164.52
5/23/2022 19:45,164.88
5/23/2022 20:00,164.88
5/23/2022 20:15,163.8
5/23/2022 20:30,163.44
5/23/2022 20:45,163.44
5/23/2022 21:00,161.64
5/23/2022 21:15,160.56
5/23/2022 21:30,161.28
5/23/2022 21:45,161.28
5/23/2022 22:00,159.84
5/23/2022 22:15,159.48
5/23/2022 22:30,159.48
5/23/2022 22:45,158.4
5/23/2022 23:00,156.96
5/23/2022 23:15,157.32
5/23/2022 23:30,157.32
5/23/2022 23:45,155.88
5/24/2022 0:00,155.16
5/24/2022 0:15,156.24
5/24/2022 0:30,155.88
5/24/2022 0:45,156.24
5/24/2022 1:00,156.24
5/24/2022 1:15,153.72
5/24/2022 1:30,154.08
5/24/2022 1:45,155.16
5/24/2022 2:00,154.8
5/24/2022 2:15,153
5/24/2022 2:30,153.72
5/24/2022 2:45,153
5/24/2022 3:00,161.28
5/24/2022 3:15,157.68
5/24/2022 3:30,158.4
5/24/2022 3:45,157.32
5/24/2022 4:00,161.28
5/24/2022 4:15,159.48
5/24/2022 4:30,159.84
5/24/2022 4:45,159.48
5/24/2022 5:00,159.48
5/24/2022 5:15,160.2
5/24/2022 5:30,160.92
5/24/2022 5:45,162
5/24/2022 6:00,163.08
5/24/2022 6:15,164.16
5/24/2022 6:30,169.2
5/24/2022 6:45,170.28
5/24/2022 7:00,176.4
5/24/2022 7:15,180.72
5/24/2022 7:30,183.24
5/24/2022 7:45,181.44
5/24/2022 8:00,182.88
5/24/2022 8:15,182.16
5/24/2022 8:30,182.88
5/24/2022 8:45,183.24
5/24/2022 9:00,181.8
5/24/2022 9:15,181.8
5/24/2022 9:30,183.6
5/24/2022 9:45,183.6
5/24/2022 10:00,184.68
5/24/2022 10:15,185.04
5/24/2022 10:30,183.6
5/24/2022 10:45,185.04
5/24/2022 11:00,184.68
5/24/2022 11:15,185.04
5/24/2022 11:30,185.76
5/24/2022 11:45,184.68
5/24/2022 12:00,184.68
5/24/2022 12:15,187.56
5/24/2022 12:30,189.72
5/24/2022 12:45,186.48
5/24/2022 13:00,183.96
5/24/2022 13:15,187.2
5/24/2022 13:30,186.84
5/24/2022 13:45,183.6
5/24/2022 14:00,184.68
5/24/2022 14:15,182.88
5/24/2022 14:30,186.84
5/24/2022 14:45,185.04
5/24/2022 15:00,182.52
5/24/2022 15:15,180.36
5/24/2022 15:30,181.08
5/24/2022 15:45,181.44
5/24/2022 16:00,178.56
5/24/2022 16:15,177.12
5/24/2022 16:30,174.6
5/24/2022 16:45,173.52
5/24/2022 17:00,173.16
5/24/2022 17:15,171.72
5/24/2022 17:30,170.64
5/24/2022 17:45,168.48
5/24/2022 18:00,168.84
5/24/2022 18:15,168.12
5/24/2022 18:30,166.68
5/24/2022 18:45,165.96
5/24/2022 19:00,165.96
5/24/2022 19:15,167.76
5/24/2022 19:30,169.56
5/24/2022 19:45,165.96
5/24/2022 20:00,165.24
5/24/2022 20:15,165.24
5/24/2022 20:30,164.52
5/24/2022 20:45,164.52
5/24/2022 21:00,164.16
5/24/2022 21:15,163.44
5/24/2022 21:30,162.72
5/24/2022 21:45,162.36
5/24/2022 22:00,160.2
5/24/2022 22:15,159.84
5/24/2022 22:30,160.2
5/24/2022 22:45,159.84
5/24/2022 23:00,159.48
5/24/2022 23:15,158.4
5/24/2022 23:30,159.84
5/24/2022 23:45,159.12
5/25/2022 0:00,157.68
5/25/2022 0:15,158.4
5/25/2022 0:30,159.48
5/25/2022 0:45,159.12
5/25/2022 1:00,159.12
5/25/2022 1:15,157.68
5/25/2022 1:30,158.4
5/25/2022 1:45,157.32
5/25/2022 2:00,156.96
5/25/2022 2:15,157.68
5/25/2022 2:30,156.6
5/25/2022 2:45,156.6
5/25/2022 3:00,156.24
5/25/2022 3:15,155.88
5/25/2022 3:30,156.24
5/25/2022 3:45,156.6
5/25/2022 4:00,168.48
5/25/2022 4:15,162
5/25/2022 4:30,160.56
5/25/2022 4:45,162
5/25/2022 5:00,163.44
5/25/2022 5:15,163.44
5/25/2022 5:30,163.08
5/25/2022 5:45,165.6
5/25/2022 6:00,166.68
5/25/2022 6:15,168.12
5/25/2022 6:30,171.72
5/25/2022 6:45,174.6
5/25/2022 7:00,175.32
5/25/2022 7:15,174.24
5/25/2022 7:30,178.2
5/25/2022 7:45,179.28
5/25/2022 8:00,178.92
5/25/2022 8:15,180
5/25/2022 8:30,182.52
5/25/2022 8:45,183.6
5/25/2022 9:00,183.6
5/25/2022 9:15,182.16
5/25/2022 9:30,182.52
5/25/2022 9:45,183.24
5/25/2022 10:00,184.68
5/25/2022 10:15,185.04
5/25/2022 10:30,186.84
5/25/2022 10:45,185.76
5/25/2022 11:00,184.68
5/25/2022 11:15,187.2
5/25/2022 11:30,183.96
5/25/2022 11:45,183.24
5/25/2022 12:00,185.4
5/25/2022 12:15,187.56
5/25/2022 12:30,185.76
5/25/2022 12:45,187.2
5/25/2022 13:00,186.48
5/25/2022 13:15,183.96
5/25/2022 13:30,183.24
5/25/2022 13:45,183.6
5/25/2022 14:00,183.24
5/25/2022 14:15,183.96
5/25/2022 14:30,182.16
5/25/2022 14:45,180.72
5/25/2022 15:00,178.92
5/25/2022 15:15,177.84
5/25/2022 15:30,174.96
5/25/2022 15:45,173.88
5/25/2022 16:00,173.52
5/25/2022 16:15,173.16
5/25/2022 16:30,171
5/25/2022 16:45,169.56
5/25/2022 17:00,169.2
5/25/2022 17:15,168.84
5/25/2022 17:30,167.04
5/25/2022 17:45,167.4
5/25/2022 18:00,170.64
5/25/2022 18:15,171
5/25/2022 18:30,169.56
5/25/2022 18:45,168.84
5/25/2022 19:00,169.2
5/25/2022 19:15,169.56
5/25/2022 19:30,169.56
5/25/2022 19:45,167.76
5/25/2022 20:00,167.76
5/25/2022 20:15,165.96
5/25/2022 20:30,165.6
5/25/2022 20:45,165.96
5/25/2022 21:00,164.52
5/25/2022 21:15,164.88
5/25/2022 21:30,163.44
5/25/2022 21:45,163.08
5/25/2022 22:00,162
5/25/2022 22:15,162.36
5/25/2022 22:30,161.28
5/25/2022 22:45,159.84
5/25/2022 23:00,159.12
5/25/2022 23:15,158.04
5/25/2022 23:30,158.4
5/25/2022 23:45,158.76
5/26/2022 0:00,157.32
5/26/2022 0:15,158.04
5/26/2022 0:30,158.04
5/26/2022 0:45,157.68
5/26/2022 1:00,157.68
5/26/2022 1:15,156.6
5/26/2022 1:30,156.6
5/26/2022 1:45,157.32
5/26/2022 2:00,156.6
5/26/2022 2:15,156.96
5/26/2022 2:30,156.24
5/26/2022 2:45,155.88
5/26/2022 3:00,156.24
5/26/2022 3:15,160.56
5/26/2022 3:30,160.2
5/26/2022 3:45,158.4
5/26/2022 4:00,165.96
5/26/2022 4:15,163.8
5/26/2022 4:30,162.36
5/26/2022 4:45,162.72
5/26/2022 5:00,163.8
5/26/2022 5:15,165.24
5/26/2022 5:30,165.6
5/26/2022 5:45,167.4
5/26/2022 6:00,169.56
5/26/2022 6:15,172.8
5/26/2022 6:30,148.32
5/26/2022 6:45,141.12
5/26/2022 7:00,154.44
5/26/2022 7:15,161.28
5/26/2022 7:30,172.08
5/26/2022 7:45,178.92
5/26/2022 8:00,181.08
5/26/2022 8:15,184.68
5/26/2022 8:30,186.48
5/26/2022 8:45,184.68
5/26/2022 9:00,186.12
5/26/2022 9:15,185.04
5/26/2022 9:30,181.8
5/26/2022 9:45,182.88
5/26/2022 10:00,185.76
5/26/2022 10:15,184.32
5/26/2022 10:30,184.68
5/26/2022 10:45,186.12
5/26/2022 11:00,185.76
5/26/2022 11:15,184.32
5/26/2022 11:30,184.68
5/26/2022 11:45,185.04
5/26/2022 12:00,187.2
5/26/2022 12:15,189.72
5/26/2022 12:30,190.08
5/26/2022 12:45,189.36
5/26/2022 13:00,185.4
5/26/2022 13:15,183.96
5/26/2022 13:30,184.68
5/26/2022 13:45,185.76
5/26/2022 14:00,188.64
5/26/2022 14:15,187.92
5/26/2022 14:30,187.56
5/26/2022 14:45,184.32
5/26/2022 15:00,182.52
5/26/2022 15:15,181.08
5/26/2022 15:30,180.36
5/26/2022 15:45,179.28
5/26/2022 16:00,176.4
5/26/2022 16:15,174.24
5/26/2022 16:30,173.88
5/26/2022 16:45,171
5/26/2022 17:00,171.72
5/26/2022 17:15,172.8
5/26/2022 17:30,168.84
5/26/2022 17:45,167.76
5/26/2022 18:00,165.96
5/26/2022 18:15,167.4
5/26/2022 18:30,168.48
5/26/2022 18:45,168.84
5/26/2022 19:00,169.92
5/26/2022 19:15,169.92
5/26/2022 19:30,169.2
5/26/2022 19:45,166.68
5/26/2022 20:00,168.84
5/26/2022 20:15,166.32
5/26/2022 20:30,164.16
5/26/2022 20:45,163.44
5/26/2022 21:00,162
5/26/2022 21:15,161.28
5/26/2022 21:30,160.56
5/26/2022 21:45,161.28
5/26/2022 22:00,160.92
5/26/2022 22:15,160.2
5/26/2022 22:30,159.48
5/26/2022 22:45,158.76
5/26/2022 23:00,156.96
5/26/2022 23:15,155.88
5/26/2022 23:30,157.32
5/26/2022 23:45,156.24
5/27/2022 0:00,157.32
5/27/2022 0:15,155.88
5/27/2022 0:30,156.24
5/27/2022 0:45,155.88
5/27/2022 1:00,155.88
5/27/2022 1:15,155.88
5/27/2022 1:30,155.16
5/27/2022 1:45,155.16
5/27/2022 2:00,155.88
5/27/2022 2:15,154.8
5/27/2022 2:30,155.16
5/27/2022 2:45,155.16
5/27/2022 3:00,155.88
5/27/2022 3:15,160.56
5/27/2022 3:30,159.84
5/27/2022 3:45,163.8
5/27/2022 4:00,162
5/27/2022 4:15,162
5/27/2022 4:30,164.16
5/27/2022 4:45,162.36
5/27/2022 5:00,162.72
5/27/2022 5:15,163.44
5/27/2022 5:30,163.08
5/27/2022 5:45,164.88
5/27/2022 6:00,169.92
5/27/2022 6:15,172.08
5/27/2022 6:30,172.08
5/27/2022 6:45,177.12
5/27/2022 7:00,179.28
5/27/2022 7:15,179.28
5/27/2022 7:30,179.28
5/27/2022 7:45,180
5/27/2022 8:00,181.8
5/27/2022 8:15,181.08
5/27/2022 8:30,183.96
5/27/2022 8:45,184.68
5/27/2022 9:00,178.92
5/27/2022 9:15,173.88
5/27/2022 9:30,167.76
5/27/2022 9:45,181.44
5/27/2022 10:00,181.08
5/27/2022 10:15,181.44
5/27/2022 10:30,181.8
5/27/2022 10:45,181.8
5/27/2022 11:00,180.72
5/27/2022 11:15,169.56
5/27/2022 11:30,169.56
5/27/2022 11:45,173.52
5/27/2022 12:00,183.24
5/27/2022 12:15,188.28
5/27/2022 12:30,188.64
5/27/2022 12:45,185.76
5/27/2022 13:00,185.4
5/27/2022 13:15,184.68
5/27/2022 13:30,187.56
5/27/2022 13:45,184.68
5/27/2022 14:00,185.04
5/27/2022 14:15,183.24
5/27/2022 14:30,182.52
5/27/2022 14:45,181.44
5/27/2022 15:00,178.92
5/27/2022 15:15,178.2
5/27/2022 15:30,177.48
5/27/2022 15:45,176.04
5/27/2022 16:00,175.68
5/27/2022 16:15,173.88
5/27/2022 16:30,173.16
5/27/2022 16:45,171
5/27/2022 17:00,171.72
5/27/2022 17:15,171.36
5/27/2022 17:30,169.92
5/27/2022 17:45,167.4
5/27/2022 18:00,166.32
5/27/2022 18:15,165.96
5/27/2022 18:30,165.6
5/27/2022 18:45,166.32
5/27/2022 19:00,165.24
5/27/2022 19:15,165.24
5/27/2022 19:30,170.28
5/27/2022 19:45,168.12
5/27/2022 20:00,164.88
5/27/2022 20:15,165.6
5/27/2022 20:30,164.16
5/27/2022 20:45,161.64
5/27/2022 21:00,161.64
5/27/2022 21:15,159.84
5/27/2022 21:30,161.28
5/27/2022 21:45,158.76
5/27/2022 22:00,158.04
5/27/2022 22:15,158.04
5/27/2022 22:30,154.8
5/27/2022 22:45,153.72
5/27/2022 23:00,155.16
5/27/2022 23:15,153.72
5/27/2022 23:30,154.08
5/27/2022 23:45,152.64
5/28/2022 0:00,154.08
5/28/2022 0:15,153.36
5/28/2022 0:30,153.36
5/28/2022 0:45,153
5/28/2022 1:00,152.64
5/28/2022 1:15,153
5/28/2022 1:30,152.28
5/28/2022 1:45,152.28
5/28/2022 2:00,152.28
5/28/2022 2:15,152.28
5/28/2022 2:30,152.28
5/28/2022 2:45,152.28
5/28/2022 3:00,153.36
5/28/2022 3:15,151.92
5/28/2022 3:30,151.56
5/28/2022 3:45,153.36
5/28/2022 4:00,163.08
5/28/2022 4:15,160.2
5/28/2022 4:30,159.84
5/28/2022 4:45,160.92
5/28/2022 5:00,160.2
5/28/2022 5:15,160.92
5/28/2022 5:30,165.6
5/28/2022 5:45,167.4
5/28/2022 6:00,167.76
5/28/2022 6:15,168.12
5/28/2022 6:30,169.56
5/28/2022 6:45,166.68
5/28/2022 7:00,167.76
5/28/2022 7:15,168.12
5/28/2022 7:30,167.4
5/28/2022 7:45,166.32
5/28/2022 8:00,170.28
5/28/2022 8:15,170.64
5/28/2022 8:30,172.8
5/28/2022 8:45,174.6
5/28/2022 9:00,171
5/28/2022 9:15,169.2
5/28/2022 9:30,170.64
5/28/2022 9:45,170.28
5/28/2022 10:00,170.64
5/28/2022 10:15,171.72
5/28/2022 10:30,171
5/28/2022 10:45,172.08
5/28/2022 11:00,171.72
5/28/2022 11:15,171.72
5/28/2022 11:30,169.92
5/28/2022 11:45,171
5/28/2022 12:00,171.72
5/28/2022 12:15,172.8
5/28/2022 12:30,172.44
5/28/2022 12:45,172.44
5/28/2022 13:00,173.88
5/28/2022 13:15,172.44
5/28/2022 13:30,172.08
5/28/2022 13:45,170.28
5/28/2022 14:00,173.16
5/28/2022 14:15,172.08
5/28/2022 14:30,173.52
5/28/2022 14:45,171
5/28/2022 15:00,169.56
5/28/2022 15:15,171
5/28/2022 15:30,167.4
5/28/2022 15:45,167.76
5/28/2022 16:00,165.24
5/28/2022 16:15,167.76
5/28/2022 16:30,165.96
5/28/2022 16:45,165.24
5/28/2022 17:00,163.8
5/28/2022 17:15,166.32
5/28/2022 17:30,165.24
5/28/2022 17:45,164.88
5/28/2022 18:00,162.36
5/28/2022 18:15,162.72
5/28/2022 18:30,162
5/28/2022 18:45,160.56
5/28/2022 19:00,160.2
5/28/2022 19:15,160.92
5/28/2022 19:30,164.16
5/28/2022 19:45,164.16
5/28/2022 20:00,162.36
5/28/2022 20:15,160.56
5/28/2022 20:30,160.2
5/28/2022 20:45,158.04
5/28/2022 21:00,158.4
5/28/2022 21:15,158.04
5/28/2022 21:30,158.04
5/28/2022 21:45,157.32
5/28/2022 22:00,156.96
5/28/2022 22:15,156.6
5/28/2022 22:30,156.96
5/28/2022 22:45,156.6
5/28/2022 23:00,155.88
5/28/2022 23:15,156.24
5/28/2022 23:30,156.24
5/28/2022 23:45,155.52
5/29/2022 0:00,154.8
5/29/2022 0:15,154.44
5/29/2022 0:30,154.44
5/29/2022 0:45,154.44
5/29/2022 1:00,153.72
5/29/2022 1:15,153.72
5/29/2022 1:30,153.72
5/29/2022 1:45,154.44
5/29/2022 2:00,153
5/29/2022 2:15,153.72
5/29/2022 2:30,152.64
5/29/2022 2:45,152.28
5/29/2022 3:00,152.64
5/29/2022 3:15,151.56
5/29/2022 3:30,154.44
5/29/2022 3:45,154.08
5/29/2022 4:00,165.96
5/29/2022 4:15,159.48
5/29/2022 4:30,159.12
5/29/2022 4:45,160.56
5/29/2022 5:00,160.2
5/29/2022 5:15,160.2
5/29/2022 5:30,161.28
5/29/2022 5:45,159.48
5/29/2022 6:00,160.2
5/29/2022 6:15,161.28
5/29/2022 6:30,162
5/29/2022 6:45,161.64
5/29/2022 7:00,163.44
5/29/2022 7:15,164.88
5/29/2022 7:30,164.52
5/29/2022 7:45,164.88
5/29/2022 8:00,165.6
5/29/2022 8:15,167.76
5/29/2022 8:30,171
5/29/2022 8:45,171
5/29/2022 9:00,168.84
5/29/2022 9:15,168.48
5/29/2022 9:30,168.48
5/29/2022 9:45,168.12
5/29/2022 10:00,171
5/29/2022 10:15,170.64
5/29/2022 10:30,169.2
5/29/2022 10:45,171.36
5/29/2022 11:00,173.88
5/29/2022 11:15,170.64
5/29/2022 11:30,172.08
5/29/2022 11:45,170.28
5/29/2022 12:00,171.36
5/29/2022 12:15,174.96
5/29/2022 12:30,173.16
5/29/2022 12:45,172.44
5/29/2022 13:00,169.92
5/29/2022 13:15,170.28
5/29/2022 13:30,168.84
5/29/2022 13:45,168.84
5/29/2022 14:00,168.84
5/29/2022 14:15,168.84
5/29/2022 14:30,171.36
5/29/2022 14:45,172.44
5/29/2022 15:00,172.08
5/29/2022 15:15,171.36
5/29/2022 15:30,170.64
5/29/2022 15:45,169.92
5/29/2022 16:00,173.16
5/29/2022 16:15,173.52
5/29/2022 16:30,169.2
5/29/2022 16:45,171
5/29/2022 17:00,168.48
5/29/2022 17:15,167.76
5/29/2022 17:30,167.4
5/29/2022 17:45,164.88
5/29/2022 18:00,164.16
5/29/2022 18:15,164.52
5/29/2022 18:30,163.8
5/29/2022 18:45,163.08
5/29/2022 19:00,163.8
5/29/2022 19:15,165.96
5/29/2022 19:30,165.24
5/29/2022 19:45,168.12
5/29/2022 20:00,164.16
5/29/2022 20:15,165.24
5/29/2022 20:30,163.08
5/29/2022 20:45,161.64
5/29/2022 21:00,161.64
5/29/2022 21:15,162
5/29/2022 21:30,160.56
5/29/2022 21:45,160.56
5/29/2022 22:00,159.12
5/29/2022 22:15,160.92
5/29/2022 22:30,159.84
5/29/2022 22:45,159.12
5/29/2022 23:00,158.76
5/29/2022 23:15,158.76
5/29/2022 23:30,158.4
5/29/2022 23:45,158.04
5/30/2022 0:00,159.12
5/30/2022 0:15,158.04
5/30/2022 0:30,158.4
5/30/2022 0:45,158.4
5/30/2022 1:00,158.04
5/30/2022 1:15,157.32
5/30/2022 1:30,157.32
5/30/2022 1:45,155.88
5/30/2022 2:00,156.6
5/30/2022 2:15,157.68
5/30/2022 2:30,156.6
5/30/2022 2:45,155.88
5/30/2022 3:00,155.88
5/30/2022 3:15,161.28
5/30/2022 3:30,163.44
5/30/2022 3:45,163.08
5/30/2022 4:00,164.16
5/30/2022 4:15,165.24
5/30/2022 4:30,165.24
5/30/2022 4:45,165.96
5/30/2022 5:00,165.96
5/30/2022 5:15,165.24
5/30/2022 5:30,164.52
5/30/2022 5:45,163.8
5/30/2022 6:00,166.68
5/30/2022 6:15,169.56
5/30/2022 6:30,173.52
5/30/2022 6:45,172.08
5/30/2022 7:00,172.08
5/30/2022 7:15,171.36
5/30/2022 7:30,171.72
5/30/2022 7:45,173.88
5/30/2022 8:00,173.16
5/30/2022 8:15,175.68
5/30/2022 8:30,178.2
5/30/2022 8:45,178.92
5/30/2022 9:00,176.76
5/30/2022 9:15,178.2
5/30/2022 9:30,180
5/30/2022 9:45,177.48
5/30/2022 10:00,178.56
5/30/2022 10:15,180
5/30/2022 10:30,180
5/30/2022 10:45,179.64
5/30/2022 11:00,180
5/30/2022 11:15,180
5/30/2022 11:30,179.28
5/30/2022 11:45,176.4
5/30/2022 12:00,176.04
5/30/2022 12:15,177.12
5/30/2022 12:30,178.2
5/30/2022 12:45,177.48
5/30/2022 13:00,178.92
5/30/2022 13:15,176.4
5/30/2022 13:30,178.2
5/30/2022 13:45,179.28
5/30/2022 14:00,180
5/30/2022 14:15,177.84
5/30/2022 14:30,173.88
5/30/2022 14:45,171.36
5/30/2022 15:00,174.24
5/30/2022 15:15,172.08
5/30/2022 15:30,173.16
5/30/2022 15:45,170.64
5/30/2022 16:00,169.2
5/30/2022 16:15,170.28
5/30/2022 16:30,169.2
5/30/2022 16:45,170.28
5/30/2022 17:00,166.68
5/30/2022 17:15,168.12
5/30/2022 17:30,167.4
5/30/2022 17:45,165.6
5/30/2022 18:00,164.52
5/30/2022 18:15,163.44
5/30/2022 18:30,163.08
5/30/2022 18:45,164.88
5/30/2022 19:00,168.48
5/30/2022 19:15,167.4
5/30/2022 19:30,165.6
5/30/2022 19:45,166.32
5/30/2022 20:00,166.68
5/30/2022 20:15,164.88
5/30/2022 20:30,165.24
5/30/2022 20:45,165.24
5/30/2022 21:00,164.88
5/30/2022 21:15,165.24
5/30/2022 21:30,162.72
5/30/2022 21:45,162.36
5/30/2022 22:00,161.28
5/30/2022 22:15,161.28
5/30/2022 22:30,162
5/30/2022 22:45,160.92
5/30/2022 23:00,159.84
5/30/2022 23:15,159.12
5/30/2022 23:30,160.92
5/30/2022 23:45,159.84
5/31/2022 0:00,159.12
5/31/2022 0:15,159.84
5/31/2022 0:30,160.2
5/31/2022 0:45,159.48
5/31/2022 1:00,160.2
5/31/2022 1:15,159.48
5/31/2022 1:30,158.76
5/31/2022 1:45,159.48
5/31/2022 2:00,158.4
5/31/2022 2:15,160.56
5/31/2022 2:30,159.84
5/31/2022 2:45,158.76
5/31/2022 3:00,159.48
5/31/2022 3:15,168.12
5/31/2022 3:30,164.52
5/31/2022 3:45,167.04
5/31/2022 4:00,165.24
5/31/2022 4:15,166.32
5/31/2022 4:30,166.68
5/31/2022 4:45,169.2
5/31/2022 5:00,170.64
5/31/2022 5:15,171
5/31/2022 5:30,169.92
5/31/2022 5:45,171.36
5/31/2022 6:00,171
5/31/2022 6:15,172.44
5/31/2022 6:30,176.4
5/31/2022 6:45,179.28
5/31/2022 7:00,180
5/31/2022 7:15,183.6
5/31/2022 7:30,181.8
5/31/2022 7:45,183.24
5/31/2022 8:00,184.32
5/31/2022 8:15,183.24
5/31/2022 8:30,184.68
5/31/2022 8:45,185.76
5/31/2022 9:00,184.68
5/31/2022 9:15,187.56
5/31/2022 9:30,188.28
5/31/2022 9:45,189.36
5/31/2022 10:00,187.56
5/31/2022 10:15,188.28
5/31/2022 10:30,188.64
5/31/2022 10:45,189
5/31/2022 11:00,188.64
5/31/2022 11:15,189
5/31/2022 11:30,189
5/31/2022 11:45,189.72
5/31/2022 12:00,190.08
5/31/2022 12:15,189
5/31/2022 12:30,191.52
5/31/2022 12:45,191.88
5/31/2022 13:00,190.8
5/31/2022 13:15,189
5/31/2022 13:30,187.92
5/31/2022 13:45,191.16
5/31/2022 14:00,187.92
5/31/2022 14:15,187.92
5/31/2022 14:30,184.32
5/31/2022 14:45,184.32
5/31/2022 15:00,182.16
5/31/2022 15:15,181.44
5/31/2022 15:30,180
5/31/2022 15:45,178.2
5/31/2022 16:00,174.6
5/31/2022 16:15,174.6
5/31/2022 16:30,173.52
5/31/2022 16:45,172.44
5/31/2022 17:00,172.44
5/31/2022 17:15,172.08
5/31/2022 17:30,168.84
5/31/2022 17:45,169.2
5/31/2022 18:00,168.12
5/31/2022 18:15,166.32
5/31/2022 18:30,164.52
5/31/2022 18:45,165.24
5/31/2022 19:00,166.68
5/31/2022 19:15,165.6
5/31/2022 19:30,167.4
5/31/2022 19:45,167.76
5/31/2022 20:00,166.68
5/31/2022 20:15,165.6
5/31/2022 20:30,164.88
5/31/2022 20:45,163.08
5/31/2022 21:00,163.44
5/31/2022 21:15,163.44
5/31/2022 21:30,163.8
5/31/2022 21:45,163.08
5/31/2022 22:00,162.36
5/31/2022 22:15,160.92
5/31/2022 22:30,159.84
5/31/2022 22:45,159.48
5/31/2022 23:00,158.04
5/31/2022 23:15,159.84
5/31/2022 23:30,159.48
5/31/2022 23:45,159.84
6/1/2022 0:00,159.48
6/1/2022 0:15,159.84
6/1/2022 0:30,160.2
6/1/2022 0:45,159.84
6/1/2022 1:00,158.76
6/1/2022 1:15,159.12
6/1/2022 1:30,159.12
6/1/2022 1:45,159.48
6/1/2022 2:00,158.4
6/1/2022 2:15,158.4
6/1/2022 2:30,159.48
6/1/2022 2:45,159.12
6/1/2022 3:00,159.84
6/1/2022 3:15,164.16
6/1/2022 3:30,161.28
6/1/2022 3:45,165.24
6/1/2022 4:00,165.24
6/1/2022 4:15,162.72
6/1/2022 4:30,164.16
6/1/2022 4:45,163.8
6/1/2022 5:00,164.16
6/1/2022 5:15,164.88
6/1/2022 5:30,163.44
6/1/2022 5:45,165.6
6/1/2022 6:00,167.4
6/1/2022 6:15,170.64
6/1/2022 6:30,174.24
6/1/2022 6:45,178.56
6/1/2022 7:00,181.8
6/1/2022 7:15,182.52
6/1/2022 7:30,183.24
6/1/2022 7:45,183.6
6/1/2022 8:00,184.32
6/1/2022 8:15,186.84
6/1/2022 8:30,187.2
6/1/2022 8:45,186.12
6/1/2022 9:00,188.28
6/1/2022 9:15,187.2
6/1/2022 9:30,187.2
6/1/2022 9:45,186.84
6/1/2022 10:00,187.2
6/1/2022 10:15,185.04
6/1/2022 10:30,185.76
6/1/2022 10:45,187.56
6/1/2022 11:00,187.56
6/1/2022 11:15,189
6/1/2022 11:30,188.28
6/1/2022 11:45,187.2
6/1/2022 12:00,189.36
6/1/2022 12:15,191.16
6/1/2022 12:30,189
6/1/2022 12:45,187.56
6/1/2022 13:00,188.64
6/1/2022 13:15,187.2
6/1/2022 13:30,185.04
6/1/2022 13:45,186.84
6/1/2022 14:00,188.28
6/1/2022 14:15,186.12
6/1/2022 14:30,186.48
6/1/2022 14:45,184.32
6/1/2022 15:00,182.16
6/1/2022 15:15,180.72
6/1/2022 15:30,173.52
6/1/2022 15:45,165.24
6/1/2022 16:00,165.96
6/1/2022 16:15,165.6
6/1/2022 16:30,165.96
6/1/2022 16:45,167.04
6/1/2022 17:00,166.32
6/1/2022 17:15,166.68
6/1/2022 17:30,162.36
6/1/2022 17:45,162.36
6/1/2022 18:00,161.28
6/1/2022 18:15,158.76
6/1/2022 18:30,159.12
6/1/2022 18:45,158.04
6/1/2022 19:00,156.6
6/1/2022 19:15,156.6
6/1/2022 19:30,161.28
6/1/2022 19:45,160.2
6/1/2022 20:00,159.84
6/1/2022 20:15,158.76
6/1/2022 20:30,157.68
6/1/2022 20:45,156.96
6/1/2022 21:00,155.16
6/1/2022 21:15,153.72
6/1/2022 21:30,153.36
6/1/2022 21:45,153
6/1/2022 22:00,152.64
6/1/2022 22:15,151.92
6/1/2022 22:30,151.2
6/1/2022 22:45,151.92
6/1/2022 23:00,151.2
6/1/2022 23:15,150.48
6/1/2022 23:30,150.84
6/1/2022 23:45,149.4
6/2/2022 0:00,150.48
6/2/2022 0:15,150.84
6/2/2022 0:30,150.48
6/2/2022 0:45,149.76
6/2/2022 1:00,150.12
6/2/2022 1:15,149.4
6/2/2022 1:30,149.4
6/2/2022 1:45,149.4
6/2/2022 2:00,148.68
6/2/2022 2:15,148.68
6/2/2022 2:30,149.04
6/2/2022 2:45,148.32
6/2/2022 3:00,151.56
6/2/2022 3:15,155.16
6/2/2022 3:30,153.36
6/2/2022 3:45,152.28
6/2/2022 4:00,153.72
6/2/2022 4:15,156.24
6/2/2022 4:30,154.44
6/2/2022 4:45,154.8
6/2/2022 5:00,156.96
6/2/2022 5:15,161.28
6/2/2022 5:30,162.36
6/2/2022 5:45,164.52
6/2/2022 6:00,163.8
6/2/2022 6:15,165.6
6/2/2022 6:30,171
6/2/2022 6:45,174.24
6/2/2022 7:00,178.56
6/2/2022 7:15,178.2
6/2/2022 7:30,183.6
6/2/2022 7:45,179.64
6/2/2022 8:00,183.96
6/2/2022 8:15,184.68
6/2/2022 8:30,184.68
6/2/2022 8:45,185.76
6/2/2022 9:00,180.72
6/2/2022 9:15,178.2
6/2/2022 9:30,180.72
6/2/2022 9:45,180.72
6/2/2022 10:00,181.08
6/2/2022 10:15,181.44
6/2/2022 10:30,180.72
6/2/2022 10:45,181.08
6/2/2022 11:00,181.08
6/2/2022 11:15,182.88
6/2/2022 11:30,181.44
6/2/2022 11:45,180.36
6/2/2022 12:00,180.72
6/2/2022 12:15,181.44
6/2/2022 12:30,182.16
6/2/2022 12:45,180.36
6/2/2022 13:00,11.52
6/2/2022 13:15,0
6/2/2022 13:30,177.84
6/2/2022 13:45,177.84
6/2/2022 14:00,180.72
6/2/2022 14:15,180.36
6/2/2022 14:30,176.04
6/2/2022 14:45,175.32
6/2/2022 15:00,174.24
6/2/2022 15:15,172.8
6/2/2022 15:30,172.08
6/2/2022 15:45,172.44
6/2/2022 16:00,171.36
6/2/2022 16:15,169.92
6/2/2022 16:30,167.76
6/2/2022 16:45,165.96
6/2/2022 17:00,164.16
6/2/2022 17:15,162.36
6/2/2022 17:30,160.56
6/2/2022 17:45,159.12
6/2/2022 18:00,159.12
6/2/2022 18:15,158.76
6/2/2022 18:30,159.84
6/2/2022 18:45,159.48
6/2/2022 19:00,159.12
6/2/2022 19:15,159.48
6/2/2022 19:30,162.36
6/2/2022 19:45,163.8
6/2/2022 20:00,161.64
6/2/2022 20:15,161.64
6/2/2022 20:30,160.56
6/2/2022 20:45,159.48
6/2/2022 21:00,158.76
6/2/2022 21:15,157.32
6/2/2022 21:30,158.4
6/2/2022 21:45,155.52
6/2/2022 22:00,153
6/2/2022 22:15,153.72
6/2/2022 22:30,151.2
6/2/2022 22:45,151.92
6/2/2022 23:00,151.2
6/2/2022 23:15,150.84
6/2/2022 23:30,151.56
6/2/2022 23:45,150.84
6/3/2022 0:00,150.84
6/3/2022 0:15,150.48
6/3/2022 0:30,149.04
6/3/2022 0:45,149.76
6/3/2022 1:00,149.4
6/3/2022 1:15,148.32
6/3/2022 1:30,147.96
6/3/2022 1:45,149.04
6/3/2022 2:00,148.68
6/3/2022 2:15,147.6
6/3/2022 2:30,148.32
6/3/2022 2:45,149.4
6/3/2022 3:00,147.96
6/3/2022 3:15,147.96
6/3/2022 3:30,147.96
6/3/2022 3:45,148.32
6/3/2022 4:00,160.92
6/3/2022 4:15,155.52
6/3/2022 4:30,155.16
6/3/2022 4:45,157.68
6/3/2022 5:00,161.64
6/3/2022 5:15,164.16
6/3/2022 5:30,162.36
6/3/2022 5:45,165.6
6/3/2022 6:00,163.44
6/3/2022 6:15,168.48
6/3/2022 6:30,173.52
6/3/2022 6:45,175.68
6/3/2022 7:00,177.12
6/3/2022 7:15,178.92
6/3/2022 7:30,182.52
6/3/2022 7:45,181.8
6/3/2022 8:00,184.68
6/3/2022 8:15,184.32
6/3/2022 8:30,188.28
6/3/2022 8:45,186.12
6/3/2022 9:00,185.76
6/3/2022 9:15,186.12
6/3/2022 9:30,185.76
6/3/2022 9:45,186.48
6/3/2022 10:00,186.48
6/3/2022 10:15,185.76
6/3/2022 10:30,185.76
6/3/2022 10:45,186.48
6/3/2022 11:00,187.56
6/3/2022 11:15,188.64
6/3/2022 11:30,186.12
6/3/2022 11:45,185.76
6/3/2022 12:00,186.12
6/3/2022 12:15,187.56
6/3/2022 12:30,187.2
6/3/2022 12:45,185.4
6/3/2022 13:00,185.4
6/3/2022 13:15,186.48
6/3/2022 13:30,187.56
6/3/2022 13:45,187.56
6/3/2022 14:00,184.32
6/3/2022 14:15,181.44
6/3/2022 14:30,181.8
6/3/2022 14:45,180.72
6/3/2022 15:00,179.28
6/3/2022 15:15,178.2
6/3/2022 15:30,177.84
6/3/2022 15:45,176.4
6/3/2022 16:00,175.68
6/3/2022 16:15,174.96
6/3/2022 16:30,173.16
6/3/2022 16:45,171
6/3/2022 17:00,169.2
6/3/2022 17:15,169.56
6/3/2022 17:30,165.96
6/3/2022 17:45,165.24
6/3/2022 18:00,165.96
6/3/2022 18:15,164.52
6/3/2022 18:30,165.24
6/3/2022 18:45,163.8
6/3/2022 19:00,162.72
6/3/2022 19:15,163.08
6/3/2022 19:30,166.68
6/3/2022 19:45,168.12
6/3/2022 20:00,167.04
6/3/2022 20:15,165.6
6/3/2022 20:30,165.96
6/3/2022 20:45,164.88
6/3/2022 21:00,164.88
6/3/2022 21:15,163.44
6/3/2022 21:30,163.44
6/3/2022 21:45,161.28
6/3/2022 22:00,159.12
6/3/2022 22:15,158.4
6/3/2022 22:30,158.4
6/3/2022 22:45,159.12
6/3/2022 23:00,156.24
6/3/2022 23:15,157.32
6/3/2022 23:30,156.96
6/3/2022 23:45,156.6
6/4/2022 0:00,156.24
6/4/2022 0:15,156.24
6/4/2022 0:30,155.52
6/4/2022 0:45,156.96
6/4/2022 1:00,156.96
6/4/2022 1:15,156.6
6/4/2022 1:30,156.24
6/4/2022 1:45,156.96
6/4/2022 2:00,156.24
6/4/2022 2:15,156.96
6/4/2022 2:30,156.96
6/4/2022 2:45,156.96
6/4/2022 3:00,157.32
6/4/2022 3:15,161.28
6/4/2022 3:30,160.2
6/4/2022 3:45,164.88
6/4/2022 4:00,162.36
6/4/2022 4:15,162.72
6/4/2022 4:30,163.08
6/4/2022 4:45,163.44
6/4/2022 5:00,163.44
6/4/2022 5:15,165.6
6/4/2022 5:30,163.44
6/4/2022 5:45,162.72
6/4/2022 6:00,163.44
6/4/2022 6:15,165.6
6/4/2022 6:30,168.12
6/4/2022 6:45,167.4
6/4/2022 7:00,167.4
6/4/2022 7:15,169.56
6/4/2022 7:30,169.56
6/4/2022 7:45,169.92
6/4/2022 8:00,171.36
6/4/2022 8:15,171.72
6/4/2022 8:30,173.16
6/4/2022 8:45,174.24
6/4/2022 9:00,176.4
6/4/2022 9:15,175.68
6/4/2022 9:30,174.24
6/4/2022 9:45,173.16
6/4/2022 10:00,174.24
6/4/2022 10:15,173.88
6/4/2022 10:30,173.88
6/4/2022 10:45,172.8
6/4/2022 11:00,172.44
6/4/2022 11:15,172.08
6/4/2022 11:30,169.56
6/4/2022 11:45,168.48
6/4/2022 12:00,168.12
6/4/2022 12:15,169.56
6/4/2022 12:30,170.64
6/4/2022 12:45,169.56
6/4/2022 13:00,169.92
6/4/2022 13:15,172.44
6/4/2022 13:30,172.44
6/4/2022 13:45,171.36
6/4/2022 14:00,170.64
6/4/2022 14:15,172.08
6/4/2022 14:30,172.08
6/4/2022 14:45,172.44
6/4/2022 15:00,172.08
6/4/2022 15:15,172.8
6/4/2022 15:30,169.92
6/4/2022 15:45,170.64
6/4/2022 16:00,169.56
6/4/2022 16:15,168.12
6/4/2022 16:30,171
6/4/2022 16:45,171
6/4/2022 17:00,169.92
6/4/2022 17:15,169.2
6/4/2022 17:30,169.92
6/4/2022 17:45,171
6/4/2022 18:00,167.04
6/4/2022 18:15,164.16
6/4/2022 18:30,164.52
6/4/2022 18:45,163.8
6/4/2022 19:00,162.72
6/4/2022 19:15,162.36
6/4/2022 19:30,165.24
6/4/2022 19:45,167.4
6/4/2022 20:00,165.96
6/4/2022 20:15,165.24
6/4/2022 20:30,164.52
6/4/2022 20:45,163.08
6/4/2022 21:00,162.72
6/4/2022 21:15,160.92
6/4/2022 21:30,160.92
6/4/2022 21:45,159.12
6/4/2022 22:00,158.4
6/4/2022 22:15,158.4
6/4/2022 22:30,157.68
6/4/2022 22:45,158.4
6/4/2022 23:00,158.04
6/4/2022 23:15,157.68
6/4/2022 23:30,157.68
6/4/2022 23:45,158.04
6/5/2022 0:00,156.96
6/5/2022 0:15,157.68
6/5/2022 0:30,157.68
6/5/2022 0:45,157.32
6/5/2022 1:00,157.32
6/5/2022 1:15,156.6
6/5/2022 1:30,156.96
6/5/2022 1:45,157.68
6/5/2022 2:00,155.52
6/5/2022 2:15,156.96
6/5/2022 2:30,155.52
6/5/2022 2:45,155.52
6/5/2022 3:00,157.32
6/5/2022 3:15,168.48
6/5/2022 3:30,160.2
6/5/2022 3:45,162.36
6/5/2022 4:00,163.08
6/5/2022 4:15,162.72
6/5/2022 4:30,164.52
6/5/2022 4:45,165.6
6/5/2022 5:00,167.04
6/5/2022 5:15,168.12
6/5/2022 5:30,165.96
6/5/2022 5:45,167.4
6/5/2022 6:00,166.32
6/5/2022 6:15,167.76
6/5/2022 6:30,169.56
6/5/2022 6:45,170.64
6/5/2022 7:00,166.68
6/5/2022 7:15,165.96
6/5/2022 7:30,166.32
6/5/2022 7:45,165.24
6/5/2022 8:00,166.68
6/5/2022 8:15,168.48
6/5/2022 8:30,169.92
6/5/2022 8:45,167.4
6/5/2022 9:00,169.92
6/5/2022 9:15,173.16
6/5/2022 9:30,172.08
6/5/2022 9:45,169.92
6/5/2022 10:00,171
6/5/2022 10:15,172.44
6/5/2022 10:30,173.52
6/5/2022 10:45,172.44
6/5/2022 11:00,172.08
6/5/2022 11:15,172.08
6/5/2022 11:30,171.36
6/5/2022 11:45,169.56
6/5/2022 12:00,172.8
6/5/2022 12:15,172.44
6/5/2022 12:30,173.16
6/5/2022 12:45,172.08
6/5/2022 13:00,172.44
6/5/2022 13:15,171.72
6/5/2022 13:30,170.64
6/5/2022 13:45,169.56
6/5/2022 14:00,170.28
6/5/2022 14:15,170.64
6/5/2022 14:30,171.36
6/5/2022 14:45,172.8
6/5/2022 15:00,170.28
6/5/2022 15:15,169.2
6/5/2022 15:30,167.76
6/5/2022 15:45,168.48
6/5/2022 16:00,169.92
6/5/2022 16:15,169.56
6/5/2022 16:30,167.4
6/5/2022 16:45,167.04
6/5/2022 17:00,168.12
6/5/2022 17:15,165.96
6/5/2022 17:30,166.32
6/5/2022 17:45,163.44
6/5/2022 18:00,164.16
6/5/2022 18:15,164.52
6/5/2022 18:30,165.24
6/5/2022 18:45,167.76
6/5/2022 19:00,167.4
6/5/2022 19:15,166.68
6/5/2022 19:30,167.76
6/5/2022 19:45,166.68
6/5/2022 20:00,165.6
6/5/2022 20:15,165.24
6/5/2022 20:30,164.52
6/5/2022 20:45,164.16
6/5/2022 21:00,163.08
6/5/2022 21:15,162.36
6/5/2022 21:30,161.64
6/5/2022 21:45,160.2
6/5/2022 22:00,159.12
6/5/2022 22:15,159.12
6/5/2022 22:30,159.12
6/5/2022 22:45,159.84
6/5/2022 23:00,159.48
6/5/2022 23:15,159.84
6/5/2022 23:30,158.4
6/5/2022 23:45,158.76
6/6/2022 0:00,158.4
6/6/2022 0:15,159.12
6/6/2022 0:30,158.4
6/6/2022 0:45,158.76
6/6/2022 1:00,158.04
6/6/2022 1:15,158.76
6/6/2022 1:30,159.12
6/6/2022 1:45,157.68
6/6/2022 2:00,157.68
6/6/2022 2:15,158.76
6/6/2022 2:30,158.4
6/6/2022 2:45,158.76
6/6/2022 3:00,162
6/6/2022 3:15,164.88
6/6/2022 3:30,162
6/6/2022 3:45,162.72
6/6/2022 4:00,167.4
6/6/2022 4:15,165.6
6/6/2022 4:30,164.88
6/6/2022 4:45,164.88
6/6/2022 5:00,164.16
6/6/2022 5:15,167.04
6/6/2022 5:30,167.4
6/6/2022 5:45,169.2
6/6/2022 6:00,169.2
6/6/2022 6:15,173.16
6/6/2022 6:30,176.4
6/6/2022 6:45,179.28
6/6/2022 7:00,183.6
6/6/2022 7:15,188.28
6/6/2022 7:30,185.4
6/6/2022 7:45,185.4
6/6/2022 8:00,186.48
6/6/2022 8:15,185.04
6/6/2022 8:30,183.96
6/6/2022 8:45,184.68
6/6/2022 9:00,183.96
6/6/2022 9:15,183.24
6/6/2022 9:30,183.24
6/6/2022 9:45,182.88
6/6/2022 10:00,183.6
6/6/2022 10:15,184.32
6/6/2022 10:30,183.96
6/6/2022 10:45,183.96
6/6/2022 11:00,185.04
6/6/2022 11:15,186.48
6/6/2022 11:30,184.68
6/6/2022 11:45,182.52
6/6/2022 12:00,187.2
6/6/2022 12:15,187.56
6/6/2022 12:30,189
6/6/2022 12:45,191.16
6/6/2022 13:00,188.64
6/6/2022 13:15,186.48
6/6/2022 13:30,187.92
6/6/2022 13:45,187.2
6/6/2022 14:00,189.36
6/6/2022 14:15,186.48
6/6/2022 14:30,185.04
6/6/2022 14:45,184.32
6/6/2022 15:00,184.32
6/6/2022 15:15,182.88
6/6/2022 15:30,181.44
6/6/2022 15:45,178.92
6/6/2022 16:00,178.56
6/6/2022 16:15,178.92
6/6/2022 16:30,176.76
6/6/2022 16:45,176.4
6/6/2022 17:00,175.68
6/6/2022 17:15,175.32
6/6/2022 17:30,172.8
6/6/2022 17:45,170.64
6/6/2022 18:00,171.36
6/6/2022 18:15,169.56
6/6/2022 18:30,169.92
6/6/2022 18:45,168.48
6/6/2022 19:00,166.68
6/6/2022 19:15,165.6
6/6/2022 19:30,167.4
6/6/2022 19:45,170.28
6/6/2022 20:00,168.84
6/6/2022 20:15,167.04
6/6/2022 20:30,166.68
6/6/2022 20:45,165.6
6/6/2022 21:00,164.88
6/6/2022 21:15,164.52
6/6/2022 21:30,164.88
6/6/2022 21:45,162.36
6/6/2022 22:00,160.2
6/6/2022 22:15,159.84
6/6/2022 22:30,159.48
6/6/2022 22:45,158.76
6/6/2022 23:00,159.12
6/6/2022 23:15,159.12
6/6/2022 23:30,159.12
6/6/2022 23:45,158.4
6/7/2022 0:00,157.68
6/7/2022 0:15,158.4
6/7/2022 0:30,157.68
6/7/2022 0:45,157.68
6/7/2022 1:00,157.68
6/7/2022 1:15,157.32
6/7/2022 1:30,157.68
6/7/2022 1:45,156.24
6/7/2022 2:00,156.6
6/7/2022 2:15,157.32
6/7/2022 2:30,155.88
6/7/2022 2:45,156.96
6/7/2022 3:00,162
6/7/2022 3:15,162.36
6/7/2022 3:30,158.76
6/7/2022 3:45,159.48
6/7/2022 4:00,164.16
6/7/2022 4:15,163.44
6/7/2022 4:30,162.36
6/7/2022 4:45,158.76
6/7/2022 5:00,158.76
6/7/2022 5:15,160.92
6/7/2022 5:30,159.84
6/7/2022 5:45,161.28
6/7/2022 6:00,163.44
6/7/2022 6:15,165.96
6/7/2022 6:30,169.56
6/7/2022 6:45,174.6
6/7/2022 7:00,175.32
6/7/2022 7:15,178.2
6/7/2022 7:30,178.92
6/7/2022 7:45,179.28
6/7/2022 8:00,181.08
6/7/2022 8:15,181.8
6/7/2022 8:30,182.52
6/7/2022 8:45,182.88
6/7/2022 9:00,181.8
6/7/2022 9:15,183.96
6/7/2022 9:30,184.68
6/7/2022 9:45,183.96
6/7/2022 10:00,183.24
6/7/2022 10:15,181.8
6/7/2022 10:30,183.24
6/7/2022 10:45,183.24
6/7/2022 11:00,183.96
6/7/2022 11:15,183.6
6/7/2022 11:30,183.6
6/7/2022 11:45,185.4
6/7/2022 12:00,185.76
6/7/2022 12:15,185.04
6/7/2022 12:30,183.6
6/7/2022 12:45,181.8
6/7/2022 13:00,180.72
6/7/2022 13:15,181.08
6/7/2022 13:30,180
6/7/2022 13:45,180
6/7/2022 14:00,180.36
6/7/2022 14:15,180.72
6/7/2022 14:30,179.64
6/7/2022 14:45,179.64
6/7/2022 15:00,177.12
6/7/2022 15:15,175.68
6/7/2022 15:30,174.6
6/7/2022 15:45,171.72
6/7/2022 16:00,170.64
6/7/2022 16:15,168.12
6/7/2022 16:30,169.2
6/7/2022 16:45,167.76
6/7/2022 17:00,168.12
6/7/2022 17:15,167.04
6/7/2022 17:30,164.88
6/7/2022 17:45,163.44
6/7/2022 18:00,162.36
6/7/2022 18:15,161.28
6/7/2022 18:30,160.92
6/7/2022 18:45,161.28
6/7/2022 19:00,162
6/7/2022 19:15,161.64
6/7/2022 19:30,166.32
6/7/2022 19:45,164.52
6/7/2022 20:00,163.8
6/7/2022 20:15,164.16
6/7/2022 20:30,164.16
6/7/2022 20:45,164.52
6/7/2022 21:00,162.72
6/7/2022 21:15,160.92
6/7/2022 21:30,160.2
6/7/2022 21:45,160.56
6/7/2022 22:00,159.12
6/7/2022 22:15,155.88
6/7/2022 22:30,155.88
6/7/2022 22:45,156.24
6/7/2022 23:00,156.24
6/7/2022 23:15,155.88
6/7/2022 23:30,155.16
6/7/2022 23:45,154.44
6/8/2022 0:00,155.16
6/8/2022 0:15,155.16
6/8/2022 0:30,155.52
6/8/2022 0:45,156.24
6/8/2022 1:00,156.24
6/8/2022 1:15,154.08
6/8/2022 1:30,155.52
6/8/2022 1:45,155.52
6/8/2022 2:00,155.16
6/8/2022 2:15,154.44
6/8/2022 2:30,155.16
6/8/2022 2:45,154.44
6/8/2022 3:00,154.08
6/8/2022 3:15,154.8
6/8/2022 3:30,164.52
6/8/2022 3:45,161.64
6/8/2022 4:00,161.64
6/8/2022 4:15,160.56
6/8/2022 4:30,160.2
6/8/2022 4:45,158.4
6/8/2022 5:00,157.32
6/8/2022 5:15,158.4
6/8/2022 5:30,159.48
6/8/2022 5:45,160.92
6/8/2022 6:00,163.8
6/8/2022 6:15,168.12
6/8/2022 6:30,169.56
6/8/2022 6:45,170.64
6/8/2022 7:00,173.52
6/8/2022 7:15,180
6/8/2022 7:30,182.52
6/8/2022 7:45,178.56
6/8/2022 8:00,179.64
6/8/2022 8:15,182.52
6/8/2022 8:30,182.52
6/8/2022 8:45,181.8
6/8/2022 9:00,181.8
6/8/2022 9:15,180.36
6/8/2022 9:30,181.44
6/8/2022 9:45,182.52
6/8/2022 10:00,182.88
6/8/2022 10:15,181.44
6/8/2022 10:30,182.88
6/8/2022 10:45,182.52
6/8/2022 11:00,180.72
6/8/2022 11:15,180
6/8/2022 11:30,180.36
6/8/2022 11:45,182.52
6/8/2022 12:00,181.44
6/8/2022 12:15,181.8
6/8/2022 12:30,181.08
6/8/2022 12:45,181.8
6/8/2022 13:00,180.36
6/8/2022 13:15,179.64
6/8/2022 13:30,181.8
6/8/2022 13:45,182.16
6/8/2022 14:00,180.36
6/8/2022 14:15,180.72
6/8/2022 14:30,178.2
6/8/2022 14:45,178.2
6/8/2022 15:00,179.64
6/8/2022 15:15,177.12
6/8/2022 15:30,173.88
6/8/2022 15:45,173.52
6/8/2022 16:00,173.88
6/8/2022 16:15,169.92
6/8/2022 16:30,170.28
6/8/2022 16:45,169.92
6/8/2022 17:00,165.96
6/8/2022 17:15,165.96
6/8/2022 17:30,164.52
6/8/2022 17:45,163.8
6/8/2022 18:00,163.44
6/8/2022 18:15,163.8
6/8/2022 18:30,162.36
6/8/2022 18:45,162
6/8/2022 19:00,161.64
6/8/2022 19:15,163.8
6/8/2022 19:30,165.96
6/8/2022 19:45,165.24
6/8/2022 20:00,163.8
6/8/2022 20:15,163.8
6/8/2022 20:30,162
6/8/2022 20:45,162
6/8/2022 21:00,161.28
6/8/2022 21:15,160.92
6/8/2022 21:30,161.64
6/8/2022 21:45,159.48
6/8/2022 22:00,157.68
6/8/2022 22:15,156.6
6/8/2022 22:30,156.96
6/8/2022 22:45,157.32
6/8/2022 23:00,156.24
6/8/2022 23:15,155.16
6/8/2022 23:30,156.24
6/8/2022 23:45,156.24
6/9/2022 0:00,155.52
6/9/2022 0:15,155.52
6/9/2022 0:30,155.52
6/9/2022 0:45,155.16
6/9/2022 1:00,155.52
6/9/2022 1:15,155.16
6/9/2022 1:30,154.8
6/9/2022 1:45,154.44
6/9/2022 2:00,154.08
6/9/2022 2:15,153.72
6/9/2022 2:30,154.08
6/9/2022 2:45,154.08
6/9/2022 3:00,154.8
6/9/2022 3:15,162
6/9/2022 3:30,161.28
6/9/2022 3:45,162.36
6/9/2022 4:00,160.56
6/9/2022 4:15,158.76
6/9/2022 4:30,158.76
6/9/2022 4:45,160.92
6/9/2022 5:00,159.12
6/9/2022 5:15,159.48
6/9/2022 5:30,160.2
6/9/2022 5:45,163.08
6/9/2022 6:00,163.8
6/9/2022 6:15,165.96
6/9/2022 6:30,168.12
6/9/2022 6:45,171
6/9/2022 7:00,173.16
6/9/2022 7:15,175.68
6/9/2022 7:30,174.96
6/9/2022 7:45,176.04
6/9/2022 8:00,175.68
6/9/2022 8:15,177.12
6/9/2022 8:30,176.76
6/9/2022 8:45,176.76
6/9/2022 9:00,177.84
6/9/2022 9:15,180
6/9/2022 9:30,181.44
6/9/2022 9:45,182.16
6/9/2022 10:00,183.96
6/9/2022 10:15,183.6
6/9/2022 10:30,185.04
6/9/2022 10:45,184.68
6/9/2022 11:00,183.6
6/9/2022 11:15,183.24
6/9/2022 11:30,183.6
6/9/2022 11:45,183.96
6/9/2022 12:00,186.84
6/9/2022 12:15,187.56
6/9/2022 12:30,182.88
6/9/2022 12:45,182.16
6/9/2022 13:00,181.08
6/9/2022 13:15,181.8
6/9/2022 13:30,181.44
6/9/2022 13:45,182.52
6/9/2022 14:00,181.44
6/9/2022 14:15,181.08
6/9/2022 14:30,179.64
6/9/2022 14:45,178.92
6/9/2022 15:00,178.92
6/9/2022 15:15,179.28
6/9/2022 15:30,175.68
6/9/2022 15:45,173.16
6/9/2022 16:00,172.44
6/9/2022 16:15,172.08
6/9/2022 16:30,170.28
6/9/2022 16:45,168.12
6/9/2022 17:00,166.32
6/9/2022 17:15,164.88
6/9/2022 17:30,164.52
6/9/2022 17:45,164.88
6/9/2022 18:00,164.16
6/9/2022 18:15,162.72
6/9/2022 18:30,163.08
6/9/2022 18:45,163.08
6/9/2022 19:00,162
6/9/2022 19:15,162
6/9/2022 19:30,165.6
6/9/2022 19:45,165.96
6/9/2022 20:00,166.32
6/9/2022 20:15,164.52
6/9/2022 20:30,164.16
6/9/2022 20:45,163.08
6/9/2022 21:00,161.64
6/9/2022 21:15,162
6/9/2022 21:30,162
6/9/2022 21:45,160.92
6/9/2022 22:00,158.76
6/9/2022 22:15,157.32
6/9/2022 22:30,157.32
6/9/2022 22:45,157.32
6/9/2022 23:00,156.24
6/9/2022 23:15,156.24
6/9/2022 23:30,156.6
6/9/2022 23:45,156.24
6/10/2022 0:00,155.88
6/10/2022 0:15,155.88
6/10/2022 0:30,155.16
6/10/2022 0:45,156.6
6/10/2022 1:00,156.24
6/10/2022 1:15,155.52
6/10/2022 1:30,155.16
6/10/2022 1:45,156.24
6/10/2022 2:00,154.44
6/10/2022 2:15,154.44
6/10/2022 2:30,154.8
6/10/2022 2:45,154.44
6/10/2022 3:00,158.4
6/10/2022 3:15,160.2
6/10/2022 3:30,157.68
6/10/2022 3:45,163.08
6/10/2022 4:00,162
6/10/2022 4:15,159.48
6/10/2022 4:30,159.12
6/10/2022 4:45,161.64
6/10/2022 5:00,160.2
6/10/2022 5:15,160.56
6/10/2022 5:30,160.92
6/10/2022 5:45,163.8
6/10/2022 6:00,167.04
6/10/2022 6:15,169.56
6/10/2022 6:30,172.08
6/10/2022 6:45,173.16
6/10/2022 7:00,176.4
6/10/2022 7:15,177.84
6/10/2022 7:30,180
6/10/2022 7:45,180.36
6/10/2022 8:00,180
6/10/2022 8:15,182.16
6/10/2022 8:30,180
6/10/2022 8:45,178.56
6/10/2022 9:00,177.12
6/10/2022 9:15,178.2
6/10/2022 9:30,178.2
6/10/2022 9:45,177.84
6/10/2022 10:00,177.48
6/10/2022 10:15,179.64
6/10/2022 10:30,181.08
6/10/2022 10:45,180
6/10/2022 11:00,178.92
6/10/2022 11:15,178.2
6/10/2022 11:30,177.84
6/10/2022 11:45,177.84
6/10/2022 12:00,178.56
6/10/2022 12:15,180.36
6/10/2022 12:30,180.36
6/10/2022 12:45,179.64
6/10/2022 13:00,178.2
6/10/2022 13:15,177.48
6/10/2022 13:30,177.12
6/10/2022 13:45,177.84
6/10/2022 14:00,177.48
6/10/2022 14:15,176.76
6/10/2022 14:30,172.8
6/10/2022 14:45,172.44
6/10/2022 15:00,172.08
6/10/2022 15:15,171
6/10/2022 15:30,167.76
6/10/2022 15:45,166.32
6/10/2022 16:00,166.68
6/10/2022 16:15,166.68
6/10/2022 16:30,166.68
6/10/2022 16:45,166.32
6/10/2022 17:00,163.44
6/10/2022 17:15,162.36
6/10/2022 17:30,164.16
6/10/2022 17:45,163.44
6/10/2022 18:00,163.08
6/10/2022 18:15,162.36
6/10/2022 18:30,161.64
6/10/2022 18:45,161.64
6/10/2022 19:00,161.28
6/10/2022 19:15,162.36
6/10/2022 19:30,164.52
6/10/2022 19:45,162.36
6/10/2022 20:00,162
6/10/2022 20:15,160.92
6/10/2022 20:30,160.2
6/10/2022 20:45,160.56
6/10/2022 21:00,159.12
6/10/2022 21:15,158.76
6/10/2022 21:30,160.2
6/10/2022 21:45,156.96
6/10/2022 22:00,154.8
6/10/2022 22:15,154.8
6/10/2022 22:30,153.36
6/10/2022 22:45,153
6/10/2022 23:00,151.92
6/10/2022 23:15,152.64
6/10/2022 23:30,151.92
6/10/2022 23:45,152.28
6/11/2022 0:00,152.28
6/11/2022 0:15,152.64
6/11/2022 0:30,151.92
6/11/2022 0:45,151.92
6/11/2022 1:00,150.84
6/11/2022 1:15,150.84
6/11/2022 1:30,151.56
6/11/2022 1:45,150.84
6/11/2022 2:00,152.28
6/11/2022 2:15,151.56
6/11/2022 2:30,150.12
6/11/2022 2:45,151.2
6/11/2022 3:00,150.48
6/11/2022 3:15,150.48
6/11/2022 3:30,149.76
6/11/2022 3:45,150.48
6/11/2022 4:00,155.16
6/11/2022 4:15,160.2
6/11/2022 4:30,157.68
6/11/2022 4:45,158.76
6/11/2022 5:00,158.76
6/11/2022 5:15,160.2
6/11/2022 5:30,158.4
6/11/2022 5:45,157.68
6/11/2022 6:00,160.2
6/11/2022 6:15,160.2
6/11/2022 6:30,163.08
6/11/2022 6:45,165.24
6/11/2022 7:00,167.76
6/11/2022 7:15,168.12
6/11/2022 7:30,165.6
6/11/2022 7:45,165.24
6/11/2022 8:00,170.64
6/11/2022 8:15,169.2
6/11/2022 8:30,167.76
6/11/2022 8:45,168.84
6/11/2022 9:00,169.56
6/11/2022 9:15,168.84
6/11/2022 9:30,168.84
6/11/2022 9:45,168.84
6/11/2022 10:00,173.16
6/11/2022 10:15,174.96
6/11/2022 10:30,174.24
6/11/2022 10:45,173.52
6/11/2022 11:00,176.04
6/11/2022 11:15,174.6
6/11/2022 11:30,174.96
6/11/2022 11:45,175.32
6/11/2022 12:00,173.16
6/11/2022 12:15,175.32
6/11/2022 12:30,175.68
6/11/2022 12:45,174.96
6/11/2022 13:00,174.24
6/11/2022 13:15,173.52
6/11/2022 13:30,173.52
6/11/2022 13:45,173.52
6/11/2022 14:00,173.52
6/11/2022 14:15,171.72
6/11/2022 14:30,172.08
6/11/2022 14:45,171.72
6/11/2022 15:00,173.88
6/11/2022 15:15,171.72
6/11/2022 15:30,169.56
6/11/2022 15:45,169.2
6/11/2022 16:00,180
6/11/2022 16:15,213.12
6/11/2022 16:30,177.84
6/11/2022 16:45,166.32
6/11/2022 17:00,165.24
6/11/2022 17:15,167.76
6/11/2022 17:30,169.2
6/11/2022 17:45,169.92
6/11/2022 18:00,168.84
6/11/2022 18:15,167.4
6/11/2022 18:30,167.76
6/11/2022 18:45,168.48
6/11/2022 19:00,167.4
6/11/2022 19:15,167.76
6/11/2022 19:30,168.84
6/11/2022 19:45,169.2
6/11/2022 20:00,168.12
6/11/2022 20:15,168.12
6/11/2022 20:30,166.68
6/11/2022 20:45,166.68
6/11/2022 21:00,164.52
6/11/2022 21:15,164.52
6/11/2022 21:30,163.08
6/11/2022 21:45,163.08
6/11/2022 22:00,161.28
6/11/2022 22:15,161.28
6/11/2022 22:30,160.2
6/11/2022 22:45,161.64
6/11/2022 23:00,160.92
6/11/2022 23:15,160.56
6/11/2022 23:30,161.64
6/11/2022 23:45,160.56
6/12/2022 0:00,160.2
6/12/2022 0:15,160.2
6/12/2022 0:30,160.56
6/12/2022 0:45,159.84
6/12/2022 1:00,160.92
6/12/2022 1:15,159.48
6/12/2022 1:30,158.76
6/12/2022 1:45,158.76
6/12/2022 2:00,158.4
6/12/2022 2:15,159.48
6/12/2022 2:30,158.4
6/12/2022 2:45,158.04
6/12/2022 3:00,156.6
6/12/2022 3:15,158.04
6/12/2022 3:30,158.76
6/12/2022 3:45,159.84
6/12/2022 4:00,167.04
6/12/2022 4:15,166.32
6/12/2022 4:30,164.52
6/12/2022 4:45,164.88
6/12/2022 5:00,167.04
6/12/2022 5:15,165.6
6/12/2022 5:30,165.24
6/12/2022 5:45,166.32
6/12/2022 6:00,165.96
6/12/2022 6:15,165.24
6/12/2022 6:30,167.04
6/12/2022 6:45,168.48
6/12/2022 7:00,170.64
6/12/2022 7:15,171.72
6/12/2022 7:30,172.44
6/12/2022 7:45,171.72
6/12/2022 8:00,173.16
6/12/2022 8:15,174.96
6/12/2022 8:30,175.68
6/12/2022 8:45,176.4
6/12/2022 9:00,176.76
6/12/2022 9:15,174.96
6/12/2022 9:30,173.88
6/12/2022 9:45,174.96
6/12/2022 10:00,176.04
6/12/2022 10:15,220.68
6/12/2022 10:30,212.76
6/12/2022 10:45,211.68
6/12/2022 11:00,212.4
6/12/2022 11:15,212.04
6/12/2022 11:30,209.88
6/12/2022 11:45,210.6
6/12/2022 12:00,210.96
6/12/2022 12:15,211.68
6/12/2022 12:30,210.6
6/12/2022 12:45,208.08
6/12/2022 13:00,207
6/12/2022 13:15,208.8
6/12/2022 13:30,209.16
6/12/2022 13:45,208.44
6/12/2022 14:00,208.8
6/12/2022 14:15,207.36
6/12/2022 14:30,208.08
6/12/2022 14:45,210.96
6/12/2022 15:00,210.6
6/12/2022 15:15,210.96
6/12/2022 15:30,209.16
6/12/2022 15:45,208.8
6/12/2022 16:00,206.28
6/12/2022 16:15,206.28
6/12/2022 16:30,205.56
6/12/2022 16:45,205.92
6/12/2022 17:00,204.48
6/12/2022 17:15,201.6
6/12/2022 17:30,201.6
6/12/2022 17:45,200.52
6/12/2022 18:00,186.48
6/12/2022 18:15,167.76
6/12/2022 18:30,167.76
6/12/2022 18:45,168.48
6/12/2022 19:00,167.76
6/12/2022 19:15,167.04
6/12/2022 19:30,169.56
6/12/2022 19:45,172.08
6/12/2022 20:00,171
6/12/2022 20:15,168.12
6/12/2022 20:30,168.48
6/12/2022 20:45,167.76
6/12/2022 21:00,167.4
6/12/2022 21:15,166.32
6/12/2022 21:30,165.96
6/12/2022 21:45,164.52
6/12/2022 22:00,166.32
6/12/2022 22:15,164.16
6/12/2022 22:30,164.88
6/12/2022 22:45,164.52
6/12/2022 23:00,164.52
6/12/2022 23:15,164.16
6/12/2022 23:30,164.16
6/12/2022 23:45,164.52
6/13/2022 0:00,164.16
6/13/2022 0:15,164.16
6/13/2022 0:30,163.08
6/13/2022 0:45,163.8
6/13/2022 1:00,163.08
6/13/2022 1:15,162.36
6/13/2022 1:30,163.08
6/13/2022 1:45,162.72
6/13/2022 2:00,161.28
6/13/2022 2:15,162.72
6/13/2022 2:30,162
6/13/2022 2:45,162.36
6/13/2022 3:00,163.08
6/13/2022 3:15,173.16
6/13/2022 3:30,165.96
6/13/2022 3:45,165.6
6/13/2022 4:00,169.56
6/13/2022 4:15,167.76
6/13/2022 4:30,168.12
6/13/2022 4:45,172.08
6/13/2022 5:00,173.16
6/13/2022 5:15,173.52
6/13/2022 5:30,173.52
6/13/2022 5:45,175.32
6/13/2022 6:00,176.4
6/13/2022 6:15,180.36
6/13/2022 6:30,182.88
6/13/2022 6:45,186.48
6/13/2022 7:00,187.2
6/13/2022 7:15,189
6/13/2022 7:30,189
6/13/2022 7:45,189.36
6/13/2022 8:00,189.36
6/13/2022 8:15,191.52
6/13/2022 8:30,192.24
6/13/2022 8:45,224.64
6/13/2022 9:00,232.2
6/13/2022 9:15,229.32
6/13/2022 9:30,228.6
6/13/2022 9:45,230.76
6/13/2022 10:00,228.6
6/13/2022 10:15,229.68
6/13/2022 10:30,231.84
6/13/2022 10:45,230.4
6/13/2022 11:00,229.68
6/13/2022 11:15,227.88
6/13/2022 11:30,229.68
6/13/2022 11:45,229.32
6/13/2022 12:00,229.68
6/13/2022 12:15,229.32
6/13/2022 12:30,228.6
6/13/2022 12:45,229.68
6/13/2022 13:00,218.16
6/13/2022 13:15,226.8
6/13/2022 13:30,227.88
6/13/2022 13:45,20.16
6/13/2022 14:00,0
6/13/2022 14:15,0
6/13/2022 14:30,0
6/13/2022 14:45,0
6/13/2022 15:00,0
6/13/2022 15:15,0
6/13/2022 15:30,0
6/13/2022 15:45,0
6/13/2022 16:00,0
6/13/2022 16:15,0
6/13/2022 16:30,0
6/13/2022 16:45,0
6/13/2022 17:00,32.04
6/13/2022 17:15,167.76
6/13/2022 17:30,167.4
6/13/2022 17:45,166.32
6/13/2022 18:00,167.04
6/13/2022 18:15,166.32
6/13/2022 18:30,164.88
6/13/2022 18:45,164.52
6/13/2022 19:00,163.44
6/13/2022 19:15,163.44
6/13/2022 19:30,162.72
6/13/2022 19:45,167.4
6/13/2022 20:00,167.4
6/13/2022 20:15,162.72
6/13/2022 20:30,163.8
6/13/2022 20:45,164.88
6/13/2022 21:00,163.8
6/13/2022 21:15,162
6/13/2022 21:30,163.08
6/13/2022 21:45,163.8
6/13/2022 22:00,162.72
6/13/2022 22:15,162.36
6/13/2022 22:30,163.08
6/13/2022 22:45,163.08
6/13/2022 23:00,161.28
6/13/2022 23:15,162
6/13/2022 23:30,160.92
6/13/2022 23:45,161.64
6/14/2022 0:00,162
6/14/2022 0:15,162.36
6/14/2022 0:30,162.72
6/14/2022 0:45,162
6/14/2022 1:00,162.36
6/14/2022 1:15,161.64
6/14/2022 1:30,162.72
6/14/2022 1:45,160.56
6/14/2022 2:00,160.2
6/14/2022 2:15,160.92
6/14/2022 2:30,160.56
6/14/2022 2:45,159.48
6/14/2022 3:00,165.6
6/14/2022 3:15,167.04
6/14/2022 3:30,168.12
6/14/2022 3:45,166.32
6/14/2022 4:00,168.48
6/14/2022 4:15,167.4
6/14/2022 4:30,168.48
6/14/2022 4:45,173.88
6/14/2022 5:00,178.92
6/14/2022 5:15,177.12
6/14/2022 5:30,175.68
6/14/2022 5:45,176.04
6/14/2022 6:00,180.36
6/14/2022 6:15,182.88
6/14/2022 6:30,184.68
6/14/2022 6:45,185.04
6/14/2022 7:00,186.84
6/14/2022 7:15,190.8
6/14/2022 7:30,190.44
6/14/2022 7:45,191.52
6/14/2022 8:00,193.68
6/14/2022 8:15,194.76
6/14/2022 8:30,193.32
6/14/2022 8:45,194.04
6/14/2022 9:00,191.16
6/14/2022 9:15,191.52
6/14/2022 9:30,192.6
6/14/2022 9:45,193.32
6/14/2022 10:00,194.04
6/14/2022 10:15,216.36
6/14/2022 10:30,243.36
6/14/2022 10:45,235.08
6/14/2022 11:00,235.44
6/14/2022 11:15,233.28
6/14/2022 11:30,233.64
6/14/2022 11:45,231.84
6/14/2022 12:00,235.08
6/14/2022 12:15,232.92
6/14/2022 12:30,232.2
6/14/2022 12:45,36.36
6/14/2022 13:00,0
6/14/2022 13:15,0
6/14/2022 13:30,0
6/14/2022 13:45,0
6/14/2022 14:00,0
6/14/2022 14:15,0
6/14/2022 14:30,0
6/14/2022 14:45,0
6/14/2022 15:00,0
6/14/2022 15:15,0
6/14/2022 15:30,0
6/14/2022 15:45,0
6/14/2022 16:00,0
6/14/2022 16:15,0
6/14/2022 16:30,0
6/14/2022 16:45,0
6/14/2022 17:00,129.24
6/14/2022 17:15,174.96
6/14/2022 17:30,204.84
6/14/2022 17:45,211.68
6/14/2022 18:00,186.84
6/14/2022 18:15,141.12
6/14/2022 18:30,97.92
6/14/2022 18:45,210.24
6/14/2022 19:00,174.96
6/14/2022 19:15,165.96
6/14/2022 19:30,167.04
6/14/2022 19:45,168.84
6/14/2022 20:00,167.76
6/14/2022 20:15,166.68
6/14/2022 20:30,166.68
6/14/2022 20:45,167.4
6/14/2022 21:00,165.96
6/14/2022 21:15,165.6
6/14/2022 21:30,165.6
6/14/2022 21:45,165.24
6/14/2022 22:00,162.36
6/14/2022 22:15,161.64
6/14/2022 22:30,161.64
6/14/2022 22:45,161.64
6/14/2022 23:00,161.28
6/14/2022 23:15,161.28
6/14/2022 23:30,160.2
6/14/2022 23:45,161.28
6/15/2022 0:00,160.56
6/15/2022 0:15,160.56
6/15/2022 0:30,160.2
6/15/2022 0:45,160.2
6/15/2022 1:00,160.92
6/15/2022 1:15,159.12
6/15/2022 1:30,159.48
6/15/2022 1:45,160.56
6/15/2022 2:00,160.56
6/15/2022 2:15,160.56
6/15/2022 2:30,159.48
6/15/2022 2:45,159.12
6/15/2022 3:00,160.92
6/15/2022 3:15,167.76
6/15/2022 3:30,165.96
6/15/2022 3:45,166.68
6/15/2022 4:00,165.96
6/15/2022 4:15,165.6
6/15/2022 4:30,164.52
6/15/2022 4:45,173.88
6/15/2022 5:00,176.4
6/15/2022 5:15,180.36
6/15/2022 5:30,179.28
6/15/2022 5:45,176.4
6/15/2022 6:00,177.12
6/15/2022 6:15,180
6/15/2022 6:30,186.12
6/15/2022 6:45,186.12
6/15/2022 7:00,191.16
6/15/2022 7:15,189.36
6/15/2022 7:30,190.8
6/15/2022 7:45,191.16
6/15/2022 8:00,191.88
6/15/2022 8:15,191.52
6/15/2022 8:30,191.88
6/15/2022 8:45,189.72
6/15/2022 9:00,190.44
6/15/2022 9:15,192.24
6/15/2022 9:30,194.4
6/15/2022 9:45,202.32
6/15/2022 10:00,241.56
6/15/2022 10:15,230.76
6/15/2022 10:30,228.96
6/15/2022 10:45,228.24
6/15/2022 11:00,228.96
6/15/2022 11:15,227.52
6/15/2022 11:30,225.36
6/15/2022 11:45,223.92
6/15/2022 12:00,224.28
6/15/2022 12:15,224.64
6/15/2022 12:30,226.44
6/15/2022 12:45,225.72
6/15/2022 13:00,227.52
6/15/2022 13:15,226.44
6/15/2022 13:30,224.28
6/15/2022 13:45,226.44
6/15/2022 14:00,225.72
6/15/2022 14:15,226.44
6/15/2022 14:30,223.56
6/15/2022 14:45,222.48
6/15/2022 15:00,221.76
6/15/2022 15:15,220.68
6/15/2022 15:30,218.16
6/15/2022 15:45,216.72
6/15/2022 16:00,215.64
6/15/2022 16:15,214.92
6/15/2022 16:30,210.6
6/15/2022 16:45,207.36
6/15/2022 17:00,208.44
6/15/2022 17:15,205.2
6/15/2022 17:30,203.04
6/15/2022 17:45,205.2
6/15/2022 18:00,204.84
6/15/2022 18:15,199.8
6/15/2022 18:30,171.72
6/15/2022 18:45,174.96
6/15/2022 19:00,175.32
6/15/2022 19:15,174.96
6/15/2022 19:30,177.48
6/15/2022 19:45,178.92
6/15/2022 20:00,178.92
6/15/2022 20:15,177.12
6/15/2022 20:30,177.48
6/15/2022 20:45,176.76
6/15/2022 21:00,176.76
6/15/2022 21:15,175.68
6/15/2022 21:30,175.32
6/15/2022 21:45,174.24
6/15/2022 22:00,171.72
6/15/2022 22:15,171.36
6/15/2022 22:30,171.36
6/15/2022 22:45,170.64
6/15/2022 23:00,169.56
6/15/2022 23:15,170.64
6/15/2022 23:30,167.76
6/15/2022 23:45,169.2
6/16/2022 0:00,168.48
6/16/2022 0:15,169.56
6/16/2022 0:30,169.92
6/16/2022 0:45,168.12
6/16/2022 1:00,168.84
6/16/2022 1:15,170.64
6/16/2022 1:30,169.56
6/16/2022 1:45,168.48
6/16/2022 2:00,168.12
6/16/2022 2:15,169.92
6/16/2022 2:30,167.4
6/16/2022 2:45,168.12
6/16/2022 3:00,167.76
6/16/2022 3:15,171.72
6/16/2022 3:30,170.64
6/16/2022 3:45,175.32
6/16/2022 4:00,175.32
6/16/2022 4:15,175.68
6/16/2022 4:30,175.68
6/16/2022 4:45,177.48
6/16/2022 5:00,176.76
6/16/2022 5:15,175.68
6/16/2022 5:30,178.56
6/16/2022 5:45,184.32
6/16/2022 6:00,183.96
6/16/2022 6:15,184.68
6/16/2022 6:30,188.28
6/16/2022 6:45,190.08
6/16/2022 7:00,190.08
6/16/2022 7:15,192.6
6/16/2022 7:30,192.24
6/16/2022 7:45,193.68
6/16/2022 8:00,194.76
6/16/2022 8:15,196.2
6/16/2022 8:30,195.84
6/16/2022 8:45,194.04
6/16/2022 9:00,196.2
6/16/2022 9:15,194.04
6/16/2022 9:30,196.56
6/16/2022 9:45,195.48
6/16/2022 10:00,195.12
6/16/2022 10:15,194.76
6/16/2022 10:30,244.08
6/16/2022 10:45,229.68
6/16/2022 11:00,231.12
6/16/2022 11:15,238.32
6/16/2022 11:30,234.72
6/16/2022 11:45,235.08
6/16/2022 12:00,235.8
6/16/2022 12:15,236.16
6/16/2022 12:30,236.16
6/16/2022 12:45,236.52
6/16/2022 13:00,235.8
6/16/2022 13:15,235.8
6/16/2022 13:30,235.08
6/16/2022 13:45,235.44
6/16/2022 14:00,235.44
6/16/2022 14:15,233.64
6/16/2022 14:30,234
6/16/2022 14:45,230.76
6/16/2022 15:00,222.48
6/16/2022 15:15,205.56
6/16/2022 15:30,185.4
6/16/2022 15:45,182.16
6/16/2022 16:00,180.36
6/16/2022 16:15,174.24
6/16/2022 16:30,174.24
6/16/2022 16:45,174.96
6/16/2022 17:00,172.44
6/16/2022 17:15,179.64
6/16/2022 17:30,219.24
6/16/2022 17:45,205.2
6/16/2022 18:00,204.48
6/16/2022 18:15,206.28
6/16/2022 18:30,208.44
6/16/2022 18:45,194.4
6/16/2022 19:00,173.16
6/16/2022 19:15,173.52
6/16/2022 19:30,174.6
6/16/2022 19:45,174.96
6/16/2022 20:00,172.08
6/16/2022 20:15,173.16
6/16/2022 20:30,169.56
6/16/2022 20:45,170.64
6/16/2022 21:00,169.2
6/16/2022 21:15,167.4
6/16/2022 21:30,168.48
6/16/2022 21:45,166.68
6/16/2022 22:00,164.52
6/16/2022 22:15,162
6/16/2022 22:30,162
6/16/2022 22:45,162.72
6/16/2022 23:00,161.28
6/16/2022 23:15,161.64
6/16/2022 23:30,163.08
6/16/2022 23:45,163.08
6/17/2022 0:00,162
6/17/2022 0:15,162
6/17/2022 0:30,163.08
6/17/2022 0:45,162
6/17/2022 1:00,162
6/17/2022 1:15,162
6/17/2022 1:30,161.28
6/17/2022 1:45,162.72
6/17/2022 2:00,161.64
6/17/2022 2:15,161.28
6/17/2022 2:30,161.28
6/17/2022 2:45,161.28
6/17/2022 3:00,161.64
6/17/2022 3:15,161.28
6/17/2022 3:30,160.92
6/17/2022 3:45,160.2
6/17/2022 4:00,170.64
6/17/2022 4:15,170.64
6/17/2022 4:30,168.48
6/17/2022 4:45,170.28
6/17/2022 5:00,172.08
6/17/2022 5:15,173.88
6/17/2022 5:30,173.16
6/17/2022 5:45,173.52
6/17/2022 6:00,171.36
6/17/2022 6:15,172.8
6/17/2022 6:30,175.68
6/17/2022 6:45,176.76
6/17/2022 7:00,181.44
6/17/2022 7:15,181.8
6/17/2022 7:30,182.16
6/17/2022 7:45,180.72
6/17/2022 8:00,185.04
6/17/2022 8:15,187.56
6/17/2022 8:30,188.64
6/17/2022 8:45,187.2
6/17/2022 9:00,184.68
6/17/2022 9:15,185.76
6/17/2022 9:30,197.64
6/17/2022 9:45,234
6/17/2022 10:00,229.32
6/17/2022 10:15,232.56
6/17/2022 10:30,230.76
6/17/2022 10:45,230.76
6/17/2022 11:00,230.4
6/17/2022 11:15,229.32
6/17/2022 11:30,229.68
6/17/2022 11:45,227.16
6/17/2022 12:00,227.88
6/17/2022 12:15,229.32
6/17/2022 12:30,228.24
6/17/2022 12:45,229.32
6/17/2022 13:00,228.24
6/17/2022 13:15,226.8
6/17/2022 13:30,224.64
6/17/2022 13:45,189.72
6/17/2022 14:00,190.8
6/17/2022 14:15,191.16
6/17/2022 14:30,189
6/17/2022 14:45,183.96
6/17/2022 15:00,185.04
6/17/2022 15:15,182.16
6/17/2022 15:30,181.8
6/17/2022 15:45,179.64
6/17/2022 16:00,181.44
6/17/2022 16:15,177.84
6/17/2022 16:30,176.76
6/17/2022 16:45,176.4
6/17/2022 17:00,176.04
6/17/2022 17:15,176.76
6/17/2022 17:30,175.68
6/17/2022 17:45,174.6
6/17/2022 18:00,175.68
6/17/2022 18:15,174.24
6/17/2022 18:30,172.44
6/17/2022 18:45,170.28
6/17/2022 19:00,170.28
6/17/2022 19:15,171.36
6/17/2022 19:30,171.36
6/17/2022 19:45,173.88
6/17/2022 20:00,173.16
6/17/2022 20:15,173.16
6/17/2022 20:30,172.08
6/17/2022 20:45,171.72
6/17/2022 21:00,170.28
6/17/2022 21:15,169.92
6/17/2022 21:30,169.92
6/17/2022 21:45,167.76
6/17/2022 22:00,160.92
6/17/2022 22:15,158.4
6/17/2022 22:30,156.96
6/17/2022 22:45,156.6
6/17/2022 23:00,156.6
6/17/2022 23:15,156.6
6/17/2022 23:30,157.68
6/17/2022 23:45,156.6
6/18/2022 0:00,155.88
6/18/2022 0:15,156.6
6/18/2022 0:30,155.16
6/18/2022 0:45,155.88
6/18/2022 1:00,155.16
6/18/2022 1:15,155.52
6/18/2022 1:30,155.16
6/18/2022 1:45,154.8
6/18/2022 2:00,154.44
6/18/2022 2:15,154.44
6/18/2022 2:30,155.16
6/18/2022 2:45,154.08
6/18/2022 3:00,154.08
6/18/2022 3:15,165.6
6/18/2022 3:30,158.04
6/18/2022 3:45,158.76
6/18/2022 4:00,163.08
6/18/2022 4:15,160.56
6/18/2022 4:30,162
6/18/2022 4:45,159.84
6/18/2022 5:00,163.44
6/18/2022 5:15,162.36
6/18/2022 5:30,167.04
6/18/2022 5:45,170.28
6/18/2022 6:00,170.28
6/18/2022 6:15,171.36
6/18/2022 6:30,170.28
6/18/2022 6:45,173.52
6/18/2022 7:00,174.24
6/18/2022 7:15,174.96
6/18/2022 7:30,175.68
6/18/2022 7:45,175.32
6/18/2022 8:00,176.76
6/18/2022 8:15,178.56
6/18/2022 8:30,180.36
6/18/2022 8:45,183.24
6/18/2022 9:00,183.24
6/18/2022 9:15,182.52
6/18/2022 9:30,178.56
6/18/2022 9:45,179.64
6/18/2022 10:00,178.92
6/18/2022 10:15,180.36
6/18/2022 10:30,180
6/18/2022 10:45,180
6/18/2022 11:00,223.92
6/18/2022 11:15,215.64
6/18/2022 11:30,214.56
6/18/2022 11:45,212.4
6/18/2022 12:00,212.4
6/18/2022 12:15,211.32
6/18/2022 12:30,210.96
6/18/2022 12:45,214.92
6/18/2022 13:00,210.24
6/18/2022 13:15,213.12
6/18/2022 13:30,213.12
6/18/2022 13:45,210.96
6/18/2022 14:00,211.32
6/18/2022 14:15,210.24
6/18/2022 14:30,209.52
6/18/2022 14:45,210.24
6/18/2022 15:00,209.52
6/18/2022 15:15,209.16
6/18/2022 15:30,207.72
6/18/2022 15:45,205.2
6/18/2022 16:00,207
6/18/2022 16:15,208.8
6/18/2022 16:30,208.8
6/18/2022 16:45,209.16
6/18/2022 17:00,209.16
6/18/2022 17:15,204.12
6/18/2022 17:30,207
6/18/2022 17:45,206.64
6/18/2022 18:00,205.2
6/18/2022 18:15,203.4
6/18/2022 18:30,171.36
6/18/2022 18:45,170.28
6/18/2022 19:00,171.72
6/18/2022 19:15,170.64
6/18/2022 19:30,172.44
6/18/2022 19:45,174.6
6/18/2022 20:00,175.32
6/18/2022 20:15,174.96
6/18/2022 20:30,173.52
6/18/2022 20:45,173.16
6/18/2022 21:00,172.8
6/18/2022 21:15,172.8
6/18/2022 21:30,170.64
6/18/2022 21:45,172.8
6/18/2022 22:00,170.28
6/18/2022 22:15,170.64
6/18/2022 22:30,169.92
6/18/2022 22:45,171
6/18/2022 23:00,169.2
6/18/2022 23:15,169.56
6/18/2022 23:30,168.12
6/18/2022 23:45,170.28
6/19/2022 0:00,168.84
6/19/2022 0:15,168.84
6/19/2022 0:30,169.56
6/19/2022 0:45,169.2
6/19/2022 1:00,168.84
6/19/2022 1:15,168.84
6/19/2022 1:30,168.84
6/19/2022 1:45,167.76
6/19/2022 2:00,167.04
6/19/2022 2:15,166.32
6/19/2022 2:30,168.48
6/19/2022 2:45,165.96
6/19/2022 3:00,171.72
6/19/2022 3:15,170.28
6/19/2022 3:30,172.44
6/19/2022 3:45,173.16
6/19/2022 4:00,174.24
6/19/2022 4:15,172.8
6/19/2022 4:30,173.88
6/19/2022 4:45,174.24
6/19/2022 5:00,176.04
6/19/2022 5:15,171
6/19/2022 5:30,173.52
6/19/2022 5:45,174.24
6/19/2022 6:00,171.36
6/19/2022 6:15,175.32
6/19/2022 6:30,174.24
6/19/2022 6:45,175.32
6/19/2022 7:00,176.4
6/19/2022 7:15,176.4
6/19/2022 7:30,177.12
6/19/2022 7:45,175.68
6/19/2022 8:00,176.76
6/19/2022 8:15,178.92
6/19/2022 8:30,179.64
6/19/2022 8:45,176.4
6/19/2022 9:00,178.92
6/19/2022 9:15,178.92
6/19/2022 9:30,180
6/19/2022 9:45,179.64
6/19/2022 10:00,179.64
6/19/2022 10:15,177.84
6/19/2022 10:30,178.2
6/19/2022 10:45,221.76
6/19/2022 11:00,214.92
6/19/2022 11:15,213.12
6/19/2022 11:30,212.04
6/19/2022 11:45,209.52
6/19/2022 12:00,210.96
6/19/2022 12:15,209.88
6/19/2022 12:30,212.76
6/19/2022 12:45,210.6
6/19/2022 13:00,208.44
6/19/2022 13:15,210.24
6/19/2022 13:30,210.6
6/19/2022 13:45,208.08
6/19/2022 14:00,209.16
6/19/2022 14:15,176.76
6/19/2022 14:30,174.96
6/19/2022 14:45,176.76
6/19/2022 15:00,175.32
6/19/2022 15:15,174.6
6/19/2022 15:30,172.8
6/19/2022 15:45,173.52
6/19/2022 16:00,176.4
6/19/2022 16:15,178.2
6/19/2022 16:30,177.84
6/19/2022 16:45,172.8
6/19/2022 17:00,171.36
6/19/2022 17:15,175.32
6/19/2022 17:30,176.04
6/19/2022 17:45,172.8
6/19/2022 18:00,169.92
6/19/2022 18:15,168.12
6/19/2022 18:30,168.84
6/19/2022 18:45,173.16
6/19/2022 19:00,173.88
6/19/2022 19:15,174.96
6/19/2022 19:30,172.08
6/19/2022 19:45,173.16
6/19/2022 20:00,171
6/19/2022 20:15,169.2
6/19/2022 20:30,171.36
6/19/2022 20:45,171
6/19/2022 21:00,171.36
6/19/2022 21:15,169.56
6/19/2022 21:30,169.92
6/19/2022 21:45,168.48
6/19/2022 22:00,167.04
6/19/2022 22:15,168.12
6/19/2022 22:30,163.8
6/19/2022 22:45,162.36
6/19/2022 23:00,158.04
6/19/2022 23:15,160.56
6/19/2022 23:30,158.04
6/19/2022 23:45,159.84
6/20/2022 0:00,159.48
6/20/2022 0:15,158.4
6/20/2022 0:30,159.12
6/20/2022 0:45,158.04
6/20/2022 1:00,158.4
6/20/2022 1:15,158.76
6/20/2022 1:30,157.68
6/20/2022 1:45,156.96
6/20/2022 2:00,157.68
6/20/2022 2:15,158.4
6/20/2022 2:30,156.96
6/20/2022 2:45,156.6
6/20/2022 3:00,158.04
6/20/2022 3:15,167.04
6/20/2022 3:30,162.36
6/20/2022 3:45,160.92
6/20/2022 4:00,164.52
6/20/2022 4:15,165.24
6/20/2022 4:30,165.24
6/20/2022 4:45,164.52
6/20/2022 5:00,164.88
6/20/2022 5:15,165.6
6/20/2022 5:30,168.12
6/20/2022 5:45,169.56
6/20/2022 6:00,173.16
6/20/2022 6:15,175.68
6/20/2022 6:30,181.44
6/20/2022 6:45,172.8
6/20/2022 7:00,171.36
6/20/2022 7:15,177.84
6/20/2022 7:30,178.92
6/20/2022 7:45,180
6/20/2022 8:00,180.72
6/20/2022 8:15,180.72
6/20/2022 8:30,185.76
6/20/2022 8:45,190.8
6/20/2022 9:00,189.72
6/20/2022 9:15,188.28
6/20/2022 9:30,190.08
6/20/2022 9:45,188.64
6/20/2022 10:00,188.28
6/20/2022 10:15,188.28
6/20/2022 10:30,187.92
6/20/2022 10:45,189
6/20/2022 11:00,188.64
6/20/2022 11:15,190.44
6/20/2022 11:30,189.36
6/20/2022 11:45,188.64
6/20/2022 12:00,188.64
6/20/2022 12:15,189.72
6/20/2022 12:30,189.36
6/20/2022 12:45,189.72
6/20/2022 13:00,239.76
6/20/2022 13:15,226.8
6/20/2022 13:30,212.04
6/20/2022 13:45,190.8
6/20/2022 14:00,190.44
6/20/2022 14:15,188.64
6/20/2022 14:30,188.64
6/20/2022 14:45,185.76
6/20/2022 15:00,184.32
6/20/2022 15:15,183.6
6/20/2022 15:30,183.24
6/20/2022 15:45,182.16
6/20/2022 16:00,181.08
6/20/2022 16:15,180
6/20/2022 16:30,180.36
6/20/2022 16:45,179.28
6/20/2022 17:00,179.64
6/20/2022 17:15,177.84
6/20/2022 17:30,175.68
6/20/2022 17:45,174.6
6/20/2022 18:00,173.88
6/20/2022 18:15,174.24
6/20/2022 18:30,178.92
6/20/2022 18:45,176.76
6/20/2022 19:00,176.04
6/20/2022 19:15,175.68
6/20/2022 19:30,175.32
6/20/2022 19:45,173.52
6/20/2022 20:00,171.72
6/20/2022 20:15,172.08
6/20/2022 20:30,171
6/20/2022 20:45,170.64
6/20/2022 21:00,170.28
6/20/2022 21:15,169.2
6/20/2022 21:30,169.2
6/20/2022 21:45,166.68
6/20/2022 22:00,166.68
6/20/2022 22:15,164.88
6/20/2022 22:30,165.6
6/20/2022 22:45,164.88
6/20/2022 23:00,164.16
6/20/2022 23:15,164.16
6/20/2022 23:30,164.16